delete from [dbo].[ServiceAccountPattern]
delete from [dbo].[meternumberpattern]
delete from dbo.NameKeyPattern
delete from [dbo].[NameKeyPattern]
delete from [dbo].[ServiceAddressZipPattern]
delete from [dbo].[StrataPattern]

delete from [dbo].[UtilityCompanyToUtilityLegacy] 
delete from [dbo].[RequestModeTypeToRequestModeEnrollmentType] 
delete from [dbo].[RequestModeTypeToRequestModeTypeGenre] 
delete from [dbo].[UserInterfaceControlVisibility] 
delete from [dbo].TriStateValuePendingActiveInactive 
delete from [dbo].UtilityTrip 
delete from [dbo].utilitycompany 
delete from [dbo].Market 
delete from [dbo].[Month] 
delete from [dbo].Year 
delete from [dbo].[UtilityLegacy] 
delete from [dbo].utilitycompany 
delete from [dbo].RequestModeEnrollmentType 
delete from [dbo].[RequestModeType] 
delete from [dbo].[RequestModeTypeGenre] 
delete from [dbo].[TriStateValue] 
delete from [dbo].pordriver 
delete from [dbo].porrecourse 
delete from [dbo].AccountInfoField 
delete from [dbo].[AccountType] 
delete from [dbo].[BillingType] 
delete from [dbo].ISO 
delete from [dbo].[UserInterfaceControlAndValueGoverningControlVisibility] 
delete from [dbo].[UserInterfaceFormControl] 
delete from [dbo].[UserInterfaceForm] 
delete from [dbo].[TriStateValuePendingActiveInactive]

INSERT INTO [dbo].[AccountType] ([Id], [Name], [Description], [Inactive], [CreatedBy], [CreatedDate], [LastModifiedBy], [LastModifiedDate]) VALUES (N'd8586026-7acd-41c1-a076-cf7c0bfd7b61', N'Commercial', N'Commercial', 0, N'Database Initializer', N'2013-07-05 12:22:04', N'Database Initializer', N'2013-07-05 12:45:17')
INSERT INTO [dbo].[AccountType] ([Id], [Name], [Description], [Inactive], [CreatedBy], [CreatedDate], [LastModifiedBy], [LastModifiedDate]) VALUES (N'c51e7940-e9e1-4056-9f1e-e12c7dc106b6', N'Residential', N'Residential', 0, N'Database Initializer', N'2013-07-05 12:10:20', N'Database Initializer', N'2013-07-05 12:45:23')


INSERT INTO [dbo].[BillingType] ([Id], [Name], [Description], [EnumValue], [Inactive], [CreatedBy], [CreatedDate], [LastModifiedBy], [LastModifiedDate]) VALUES (N'89DA919E-D6D0-4400-9D5A-3F8AAD3D7E61', N'Supplier Consolidated', N'Supplier Consolidated', 4, 0, N'Database Initializer', N'2013-07-05 12:22:04', N'Database Initializer', N'2013-07-05 12:45:17')
INSERT INTO [dbo].[BillingType] ([Id], [Name], [Description], [EnumValue], [Inactive], [CreatedBy], [CreatedDate], [LastModifiedBy], [LastModifiedDate]) VALUES (N'3964C343-999E-4BD0-B32F-50AD53287ED5', N'Dual', N'Dual', 2, 0, N'Database Initializer', N'2013-07-05 12:10:20', N'Database Initializer', N'2013-07-05 12:45:23')
INSERT INTO [dbo].[BillingType] ([Id], [Name], [Description], [EnumValue], [Inactive], [CreatedBy], [CreatedDate], [LastModifiedBy], [LastModifiedDate]) VALUES (N'66593A51-9523-4A07-AE25-7B7A962A2E69', N'Bill Ready', N'Bill Ready', 2, 0, N'Database Initializer', N'2013-07-05 12:10:20', N'Database Initializer', N'2013-07-05 12:45:23')
INSERT INTO [dbo].[BillingType] ([Id], [Name], [Description], [EnumValue], [Inactive], [CreatedBy], [CreatedDate], [LastModifiedBy], [LastModifiedDate]) VALUES (N'C39E17D6-8115-437C-98F8-C374281B304E', N'Rate Ready', N'Rate Ready', 2, 0, N'Database Initializer', N'2013-07-05 12:10:20', N'Database Initializer', N'2013-07-05 12:45:23')


INSERT TriStateValuePendingActiveInactive(Id,Value,NumericValue,Description,Inactive,CreatedBy,CreatedDate,LastModifiedBy,LastModifiedDate)       VALUES('7366ECC9-D64D-41C6-BDE6-41BD7D925837','Pending Approval','0','Pending Approval','0','Script',convert(datetime,'Aug 21 2013  3:35PM'),'Script',convert(datetime,'Aug 21 2013  3:35PM'))
INSERT TriStateValuePendingActiveInactive(Id,Value,NumericValue,Description,Inactive,CreatedBy,CreatedDate,LastModifiedBy,LastModifiedDate)       VALUES('B1C1A0E1-B631-4170-85A8-9DE8B07AB102','Active','1','Active','0','Script',convert(datetime,'Aug 21 2013  3:35PM'),'Script',convert(datetime,'Aug 21 2013  3:35PM'))
INSERT TriStateValuePendingActiveInactive(Id,Value,NumericValue,Description,Inactive,CreatedBy,CreatedDate,LastModifiedBy,LastModifiedDate)       VALUES('F4ACB648-3ADC-48FD-AF19-DD38DFC1AE2F','Inactive','2','Inactive','0','Script',convert(datetime,'Aug 21 2013  3:35PM'),'Script',convert(datetime,'Aug 21 2013  3:35PM'))

INSERT [dbo].ISO(Id,Name,Description,Inactive,CreatedBy,CreatedDate,LastModifiedBy,LastModifiedDate)       VALUES('E0520D21-2B6A-4ACF-A80F-379E5E78D3A7','ERCOT','ELECTRIC RELIABILITY COUNCIL OF TEXAS','0','Script',convert(datetime,'Aug 21 2013  3:29PM'),'Script',convert(datetime,'Aug 21 2013  3:29PM'))
INSERT [dbo].ISO(Id,Name,Description,Inactive,CreatedBy,CreatedDate,LastModifiedBy,LastModifiedDate)       VALUES('F7EBFE45-A8C6-4B0E-A01D-5685EC22F77F','CAISO','CALIFORNIA INDEPENDENT SYSTEM OPERATOR','0','Script',convert(datetime,'Aug 21 2013  3:29PM'),'Script',convert(datetime,'Aug 21 2013  3:29PM'))
INSERT [dbo].ISO(Id,Name,Description,Inactive,CreatedBy,CreatedDate,LastModifiedBy,LastModifiedDate)       VALUES('BC82207F-ABBD-42E6-B9D1-5977248FD220','NYISO','NEW YORK INDEPENDENT SYSTEM OPERATOR','0','Script',convert(datetime,'Aug 21 2013  3:29PM'),'Script',convert(datetime,'Aug 21 2013  3:29PM'))
INSERT [dbo].ISO(Id,Name,Description,Inactive,CreatedBy,CreatedDate,LastModifiedBy,LastModifiedDate)       VALUES('1AF3C30D-4115-4925-BCD8-6371FF258628','PJM','PENNSYLVANIA, NEW JERSEY AND MARYLAND','0','Script',convert(datetime,'Aug 21 2013  3:29PM'),'Script',convert(datetime,'Aug 21 2013  3:29PM'))
INSERT [dbo].ISO(Id,Name,Description,Inactive,CreatedBy,CreatedDate,LastModifiedBy,LastModifiedDate)       VALUES('E8F47144-BCB5-48BE-85F9-87573DB6F4BD','NEISO','NEW ENGLAND INDEPENDENT SYSTEM OPERATOR','0','Script',convert(datetime,'Aug 21 2013  3:29PM'),'Script',convert(datetime,'Aug 21 2013  3:29PM'))
INSERT [dbo].ISO(Id,Name,Description,Inactive,CreatedBy,CreatedDate,LastModifiedBy,LastModifiedDate)       VALUES('868A16CC-0764-4D93-AE35-A741EF9C9BF8','MISO','MIDWEST INDEPENDENT SYSTEM OPERATOR','0','Script',convert(datetime,'Aug 21 2013  3:29PM'),'Script',convert(datetime,'Aug 21 2013  3:29PM'))


INSERT Market(Id,Market,Description,Inactive,CreatedBy,CreatedDate,LastModifiedBy,LastModifiedDate,MarketIdInt,IsoId)       VALUES('E6D7349F-F913-4846-8A54-0F3E0ED9B969','IL','ILLINOIS','0','Script',convert(datetime,'Aug 27 2013  6:03PM'),'Script',convert(datetime,'Aug 27 2013  6:03PM'),'14','868A16CC-0764-4D93-AE35-A741EF9C9BF8')
INSERT Market(Id,Market,Description,Inactive,CreatedBy,CreatedDate,LastModifiedBy,LastModifiedDate,MarketIdInt,IsoId)       VALUES('8180A29D-1C21-4875-B07A-195F6ACF2777','NJ','NEW JERSEY','0','Script',convert(datetime,'Aug 17 2013  3:41PM'),'Script',convert(datetime,'Aug 17 2013  3:41PM'),'9','1AF3C30D-4115-4925-BCD8-6371FF258628')
INSERT Market(Id,Market,Description,Inactive,CreatedBy,CreatedDate,LastModifiedBy,LastModifiedDate,MarketIdInt,IsoId)       VALUES('E48667C8-D222-4C85-9949-2741CE6A79F8','ME','MAINE','0','Script',convert(datetime,'Aug 17 2013  3:41PM'),'Script',convert(datetime,'Aug 17 2013  3:41PM'),'5','E8F47144-BCB5-48BE-85F9-87573DB6F4BD')
INSERT Market(Id,Market,Description,Inactive,CreatedBy,CreatedDate,LastModifiedBy,LastModifiedDate,MarketIdInt,IsoId)       VALUES('35CDFB05-8B32-4CD3-AE7E-2F67BB9DA29F','DC','DISTRICT OF COLUMBIA','0','Script',convert(datetime,'Aug 17 2013  3:41PM'),'Script',convert(datetime,'Aug 17 2013  3:41PM'),'11','1AF3C30D-4115-4925-BCD8-6371FF258628')
INSERT Market(Id,Market,Description,Inactive,CreatedBy,CreatedDate,LastModifiedBy,LastModifiedDate,MarketIdInt,IsoId)       VALUES('368DA012-363F-4EF0-B10E-36434EA8AE0C','CA','CALIFORNIA','0','Script',convert(datetime,'Aug 17 2013  3:41PM'),'Script',convert(datetime,'Aug 17 2013  3:41PM'),'2','F7EBFE45-A8C6-4B0E-A01D-5685EC22F77F')
INSERT Market(Id,Market,Description,Inactive,CreatedBy,CreatedDate,LastModifiedBy,LastModifiedDate,MarketIdInt,IsoId)       VALUES('555BE778-0DDE-4146-A383-3A890E9B79B6','HG','PENNSYLVANIA','0','Script',convert(datetime,'Aug 17 2013  3:41PM'),'Script',convert(datetime,'Aug 17 2013  3:41PM'),'15','868A16CC-0764-4D93-AE35-A741EF9C9BF8')
INSERT Market(Id,Market,Description,Inactive,CreatedBy,CreatedDate,LastModifiedBy,LastModifiedDate,MarketIdInt,IsoId)       VALUES('692E90B5-96F8-4A19-8402-3B2F768E4F05','IL','ILLINOIS','0','Script',convert(datetime,'Aug 17 2013  3:41PM'),'Script',convert(datetime,'Aug 17 2013  3:41PM'),'13','1AF3C30D-4115-4925-BCD8-6371FF258628')
INSERT Market(Id,Market,Description,Inactive,CreatedBy,CreatedDate,LastModifiedBy,LastModifiedDate,MarketIdInt,IsoId)       VALUES('45DE601F-F983-4C1C-95F4-551402B4C3C8','PA','PENNSYLVANIA','0','Script',convert(datetime,'Aug 17 2013  3:41PM'),'Script',convert(datetime,'Aug 17 2013  3:41PM'),'8','1AF3C30D-4115-4925-BCD8-6371FF258628')
INSERT Market(Id,Market,Description,Inactive,CreatedBy,CreatedDate,LastModifiedBy,LastModifiedDate,MarketIdInt,IsoId)       VALUES('628939A6-BF87-4D5A-A97B-8A31D450B422','DE','DELAWARE','0','Script',convert(datetime,'Aug 17 2013  3:41PM'),'Script',convert(datetime,'Aug 17 2013  3:41PM'),'12','1AF3C30D-4115-4925-BCD8-6371FF258628')
INSERT Market(Id,Market,Description,Inactive,CreatedBy,CreatedDate,LastModifiedBy,LastModifiedDate,MarketIdInt,IsoId)       VALUES('7DEB1612-228B-4572-9AD8-9822CF5E0493','CT','CONNECTICUT','0','Script',convert(datetime,'Aug 17 2013  3:41PM'),'Script',convert(datetime,'Aug 17 2013  3:41PM'),'3','E8F47144-BCB5-48BE-85F9-87573DB6F4BD')
INSERT Market(Id,Market,Description,Inactive,CreatedBy,CreatedDate,LastModifiedBy,LastModifiedDate,MarketIdInt,IsoId)       VALUES('F3CE4346-E89D-4C2E-A9A8-C46C572CF03A','MD','MARYLAND','0','Script',convert(datetime,'Aug 17 2013  3:41PM'),'Script',convert(datetime,'Aug 17 2013  3:41PM'),'10','1AF3C30D-4115-4925-BCD8-6371FF258628')
INSERT Market(Id,Market,Description,Inactive,CreatedBy,CreatedDate,LastModifiedBy,LastModifiedDate,MarketIdInt,IsoId)       VALUES('9C772CF9-598C-4996-853E-CAD1E55F986C','OH','OHIO','0','Script',convert(datetime,'Aug 17 2013  3:41PM'),'Script',convert(datetime,'Aug 17 2013  3:41PM'),'16','1AF3C30D-4115-4925-BCD8-6371FF258628')
INSERT Market(Id,Market,Description,Inactive,CreatedBy,CreatedDate,LastModifiedBy,LastModifiedDate,MarketIdInt,IsoId)       VALUES('3DA37DE0-3039-446E-B4B1-CF613A147CC1','RI','RHODE ISLAND','0','Script',convert(datetime,'Aug 17 2013  3:41PM'),'Script',convert(datetime,'Aug 17 2013  3:41PM'),'6','E8F47144-BCB5-48BE-85F9-87573DB6F4BD')
INSERT Market(Id,Market,Description,Inactive,CreatedBy,CreatedDate,LastModifiedBy,LastModifiedDate,MarketIdInt,IsoId)       VALUES('82E80F16-4147-4398-A1BF-E27C0F68A0EA','MA','MASSACHUSETTS','0','Script',convert(datetime,'Aug 17 2013  3:41PM'),'Script',convert(datetime,'Aug 17 2013  3:41PM'),'4','E8F47144-BCB5-48BE-85F9-87573DB6F4BD')
INSERT Market(Id,Market,Description,Inactive,CreatedBy,CreatedDate,LastModifiedBy,LastModifiedDate,MarketIdInt,IsoId)       VALUES('ED1F2892-13DF-49B7-802C-F1CCD17DE2D0','NY','NEW YORK','0','Script',convert(datetime,'Aug 17 2013  3:41PM'),'Script',convert(datetime,'Aug 17 2013  3:41PM'),'7','BC82207F-ABBD-42E6-B9D1-5977248FD220')
INSERT Market(Id,Market,Description,Inactive,CreatedBy,CreatedDate,LastModifiedBy,LastModifiedDate,MarketIdInt,IsoId)       VALUES('5A039BAC-546A-4BDC-B506-F5DCAA776940','TX','TEXAS','0','Script',convert(datetime,'Aug 17 2013  3:41PM'),'Script',convert(datetime,'Aug 17 2013  3:41PM'),'1','E0520D21-2B6A-4ACF-A80F-379E5E78D3A7')


--INSERT utilitycompany(Id,UtilityCode,Inactive,CreatedBy,CreatedDate,LastModifiedBy,LastModifiedDate,UtilityIdInt,FullName,IsoId,MarketId,PrimaryDunsNumber,LpEntityId,SalesForceId,UtilityStatusId)       VALUES('19F58238-D19D-4BFA-AFF7-021E1DA698E8','Utility Liberty Power','0','User',convert(datetime,'Aug  6 2013 10:22AM'),'User',convert(datetime,'Aug  6 2013 10:22AM'),'1011','','0','0','','','','0')
INSERT utilitycompany(Id,UtilityCode,Inactive,CreatedBy,CreatedDate,LastModifiedBy,LastModifiedDate,UtilityIdInt,FullName,IsoId,MarketId,PrimaryDunsNumber,LpEntityId,SalesForceId,UtilityStatusId)       VALUES('EBBD1446-B9B5-416C-9270-059E21CB1936','DUKE','0','Script',convert(datetime,'Jun 17 2013  5:04PM'),'DevTestOne',convert(datetime,'Jun 21 2013  3:36PM'),'60','DUKE ENERGY','1AF3C30D-4115-4925-BCD8-6371FF258628','9C772CF9-598C-4996-853E-CAD1E55F986C','006999189','LPH','','B1C1A0E1-B631-4170-85A8-9DE8B07AB102')
INSERT utilitycompany(Id,UtilityCode,Inactive,CreatedBy,CreatedDate,LastModifiedBy,LastModifiedDate,UtilityIdInt,FullName,IsoId,MarketId,PrimaryDunsNumber,LpEntityId,SalesForceId,UtilityStatusId)       VALUES('F631473B-491E-4BD6-B73D-0AB204CC8ED8','NANT','0','Script',convert(datetime,'Jun 17 2013  5:04PM'),'Script',convert(datetime,'Jun 17 2013  5:04PM'),'24','NANT (NANTUCKET ELECTRIC CO. - NATIONAL GRID)','E8F47144-BCB5-48BE-85F9-87573DB6F4BD','82E80F16-4147-4398-A1BF-E27C0F68A0EA','007998644','LPH-NE','','B1C1A0E1-B631-4170-85A8-9DE8B07AB102')
INSERT utilitycompany(Id,UtilityCode,Inactive,CreatedBy,CreatedDate,LastModifiedBy,LastModifiedDate,UtilityIdInt,FullName,IsoId,MarketId,PrimaryDunsNumber,LpEntityId,SalesForceId,UtilityStatusId)       VALUES('2DF05B0B-C553-45EF-872A-0AEFE9D0104B','UGI','0','Script',convert(datetime,'Jun 17 2013  5:04PM'),'Script',convert(datetime,'Jun 17 2013  5:04PM'),'45','UGI (UGI UTILITIES)','1AF3C30D-4115-4925-BCD8-6371FF258628','45DE601F-F983-4C1C-95F4-551402B4C3C8','099427866','LPH','','B1C1A0E1-B631-4170-85A8-9DE8B07AB102')
INSERT utilitycompany(Id,UtilityCode,Inactive,CreatedBy,CreatedDate,LastModifiedBy,LastModifiedDate,UtilityIdInt,FullName,IsoId,MarketId,PrimaryDunsNumber,LpEntityId,SalesForceId,UtilityStatusId)       VALUES('9BBE244F-3154-492D-B898-0B10EE5BF928','NYSEG','0','Script',convert(datetime,'Jun 17 2013  5:04PM'),'Script',convert(datetime,'Jun 17 2013  5:04PM'),'30','NYSEG (NEW YORK STATE ELECTRIC AND GAS)','BC82207F-ABBD-42E6-B9D1-5977248FD220','ED1F2892-13DF-49B7-802C-F1CCD17DE2D0','006977763','LPH','','B1C1A0E1-B631-4170-85A8-9DE8B07AB102')
--INSERT utilitycompany(Id,UtilityCode,Inactive,CreatedBy,CreatedDate,LastModifiedBy,LastModifiedDate,UtilityIdInt,FullName,IsoId,MarketId,PrimaryDunsNumber,LpEntityId,SalesForceId,UtilityStatusId)       VALUES('739EC3E7-B3D9-42DE-87D1-0FC04C3335BC','Test Utility Do NOT Use','0','Script',convert(datetime,'Jun 17 2013  5:04PM'),'User',convert(datetime,'Aug 21 2013  4:18PM'),'1012','','0','0','','','','0')
INSERT utilitycompany(Id,UtilityCode,Inactive,CreatedBy,CreatedDate,LastModifiedBy,LastModifiedDate,UtilityIdInt,FullName,IsoId,MarketId,PrimaryDunsNumber,LpEntityId,SalesForceId,UtilityStatusId)       VALUES('72C4F915-5A69-4BE3-BF96-1965653E4B8A','PPL','0','DevTestTwo',convert(datetime,'Jun 17 2013  3:32PM'),'DevTestTwo',convert(datetime,'Jun 17 2013  3:33PM'),'37','PPL (PENNSYLVANIA POWER AND LIGHT)','1AF3C30D-4115-4925-BCD8-6371FF258628','45DE601F-F983-4C1C-95F4-551402B4C3C8','007909427AC','LPH','','B1C1A0E1-B631-4170-85A8-9DE8B07AB102')
INSERT utilitycompany(Id,UtilityCode,Inactive,CreatedBy,CreatedDate,LastModifiedBy,LastModifiedDate,UtilityIdInt,FullName,IsoId,MarketId,PrimaryDunsNumber,LpEntityId,SalesForceId,UtilityStatusId)       VALUES('3BA9F09B-972B-4C10-8435-1BAA0989C042','AMEREN','1','Script',convert(datetime,'Jun 17 2013  5:04PM'),'User',convert(datetime,'Aug 20 2013  7:52PM'),'11','AMEREN ELECTRIC','868A16CC-0764-4D93-AE35-A741EF9C9BF8','E6D7349F-F913-4846-8A54-0F3E0ED9B969','006936017','LPH','','B1C1A0E1-B631-4170-85A8-9DE8B07AB102')
INSERT utilitycompany(Id,UtilityCode,Inactive,CreatedBy,CreatedDate,LastModifiedBy,LastModifiedDate,UtilityIdInt,FullName,IsoId,MarketId,PrimaryDunsNumber,LpEntityId,SalesForceId,UtilityStatusId)       VALUES('E04C8C49-3245-4E4D-A01B-1C95E8BC1DB1','CENHUD','0','Script',convert(datetime,'Jun 17 2013  5:04PM'),'Script',convert(datetime,'Jun 17 2013  5:04PM'),'14','CENHUD (CENTRAL HUDSON)','BC82207F-ABBD-42E6-B9D1-5977248FD220','ED1F2892-13DF-49B7-802C-F1CCD17DE2D0','006993695','LPH','','B1C1A0E1-B631-4170-85A8-9DE8B07AB102')
INSERT utilitycompany(Id,UtilityCode,Inactive,CreatedBy,CreatedDate,LastModifiedBy,LastModifiedDate,UtilityIdInt,FullName,IsoId,MarketId,PrimaryDunsNumber,LpEntityId,SalesForceId,UtilityStatusId)       VALUES('5EAD28FF-99D6-4417-9903-1E259BBF773F','DELMD','0','Script',convert(datetime,'Jun 17 2013  5:04PM'),'Script',convert(datetime,'Jun 17 2013  5:04PM'),'20','DELMD (DELMARVA POWER)','1AF3C30D-4115-4925-BCD8-6371FF258628','F3CE4346-E89D-4C2E-A9A8-C46C572CF03A','006971618MD','LPMD','','B1C1A0E1-B631-4170-85A8-9DE8B07AB102')
--INSERT utilitycompany(Id,UtilityCode,Inactive,CreatedBy,CreatedDate,LastModifiedBy,LastModifiedDate,UtilityIdInt,FullName,IsoId,MarketId,PrimaryDunsNumber,LpEntityId,SalesForceId,UtilityStatusId)       VALUES('FBAB8452-4B99-44F2-BA5D-2155E2D67AE1','New Utility for Demo 123','0','User',convert(datetime,'Aug  2 2013 10:31AM'),'User',convert(datetime,'Aug  2 2013 10:31AM'),'1010','','0','0','','','','0')
INSERT utilitycompany(Id,UtilityCode,Inactive,CreatedBy,CreatedDate,LastModifiedBy,LastModifiedDate,UtilityIdInt,FullName,IsoId,MarketId,PrimaryDunsNumber,LpEntityId,SalesForceId,UtilityStatusId)       VALUES('BD2A0627-0DD9-4446-BE8A-2A785AD2A6B8','NSTAR-COMM','0','Script',convert(datetime,'Jun 17 2013  5:04PM'),'Script',convert(datetime,'Jun 17 2013  5:04PM'),'29','NSTAR-COMM (NSTAR COMMONWEALTH)','E8F47144-BCB5-48BE-85F9-87573DB6F4BD','82E80F16-4147-4398-A1BF-E27C0F68A0EA','006953848','LPH','','B1C1A0E1-B631-4170-85A8-9DE8B07AB102')
--INSERT utilitycompany(Id,UtilityCode,Inactive,CreatedBy,CreatedDate,LastModifiedBy,LastModifiedDate,UtilityIdInt,FullName,IsoId,MarketId,PrimaryDunsNumber,LpEntityId,SalesForceId,UtilityStatusId)       VALUES('81264AB3-234C-42E2-BFE0-2CA1E9CB81EB','Test Utility 3','0','lptest',convert(datetime,'Jun 25 2013 11:11AM'),'lptest',convert(datetime,'Jun 25 2013 11:11AM'),'1000','','0','0','','','','0')
INSERT utilitycompany(Id,UtilityCode,Inactive,CreatedBy,CreatedDate,LastModifiedBy,LastModifiedDate,UtilityIdInt,FullName,IsoId,MarketId,PrimaryDunsNumber,LpEntityId,SalesForceId,UtilityStatusId)       VALUES('BC2C087E-3D1C-488A-8A85-2E0131FF1BA7','PEPCO-MD','0','Script',convert(datetime,'Jun 17 2013  5:04PM'),'Script',convert(datetime,'Jun 17 2013  5:04PM'),'35','PEPCO-MD (POTOMAC ELECTRIC POWER COMPANY MARYLAND)','1AF3C30D-4115-4925-BCD8-6371FF258628','F3CE4346-E89D-4C2E-A9A8-C46C572CF03A','006920284','LPMD','','B1C1A0E1-B631-4170-85A8-9DE8B07AB102')
--INSERT utilitycompany(Id,UtilityCode,Inactive,CreatedBy,CreatedDate,LastModifiedBy,LastModifiedDate,UtilityIdInt,FullName,IsoId,MarketId,PrimaryDunsNumber,LpEntityId,SalesForceId,UtilityStatusId)       VALUES('F4EF320D-7671-491D-8F97-352282AC1608','Utility Number One','0','Script',convert(datetime,'Jun 17 2013  5:04PM'),'User',convert(datetime,'Aug  6 2013 10:18AM'),'1013','','0','0','','','','0')
--INSERT utilitycompany(Id,UtilityCode,Inactive,CreatedBy,CreatedDate,LastModifiedBy,LastModifiedDate,UtilityIdInt,FullName,IsoId,MarketId,PrimaryDunsNumber,LpEntityId,SalesForceId,UtilityStatusId)       VALUES('4393630C-3BE1-4048-A184-357BC6BA2215','asdfasd','0','User',convert(datetime,'Jul  8 2013  2:42PM'),'User',convert(datetime,'Jul  8 2013  2:42PM'),'1001','','0','0','','','','0')
INSERT utilitycompany(Id,UtilityCode,Inactive,CreatedBy,CreatedDate,LastModifiedBy,LastModifiedDate,UtilityIdInt,FullName,IsoId,MarketId,PrimaryDunsNumber,LpEntityId,SalesForceId,UtilityStatusId)       VALUES('8CB866AF-8354-40AA-8168-3A083A491D12','SCE','0','Script',convert(datetime,'Jun 17 2013  5:04PM'),'Script',convert(datetime,'Jun 17 2013  5:04PM'),'41','SCE (SOUTHERN CALIFORNIA EDISON)','F7EBFE45-A8C6-4B0E-A01D-5685EC22F77F','368DA012-363F-4EF0-B10E-36434EA8AE0C','006908818','LPH','','B1C1A0E1-B631-4170-85A8-9DE8B07AB102')
INSERT utilitycompany(Id,UtilityCode,Inactive,CreatedBy,CreatedDate,LastModifiedBy,LastModifiedDate,UtilityIdInt,FullName,IsoId,MarketId,PrimaryDunsNumber,LpEntityId,SalesForceId,UtilityStatusId)       VALUES('BDD8C927-EE46-4640-8813-3D6D15DC3FA6','DUQ','0','Script',convert(datetime,'Jun 17 2013  5:04PM'),'Script',convert(datetime,'Jun 17 2013  5:04PM'),'21','DUQ (DUQUESNE LIGHT AND POWER)','1AF3C30D-4115-4925-BCD8-6371FF258628','45DE601F-F983-4C1C-95F4-551402B4C3C8','007915606','LPH','','B1C1A0E1-B631-4170-85A8-9DE8B07AB102')
--INSERT utilitycompany(Id,UtilityCode,Inactive,CreatedBy,CreatedDate,LastModifiedBy,LastModifiedDate,UtilityIdInt,FullName,IsoId,MarketId,PrimaryDunsNumber,LpEntityId,SalesForceId,UtilityStatusId)       VALUES('450CCAA1-BFBB-44A1-9D74-3F12744FCCF3','Emerson','0','DevTestOne',convert(datetime,'Jun 10 2013  4:22PM'),'DevTestTwo',convert(datetime,'Jun 25 2013 10:42AM'),'1002','','0','0','','','','0')
INSERT utilitycompany(Id,UtilityCode,Inactive,CreatedBy,CreatedDate,LastModifiedBy,LastModifiedDate,UtilityIdInt,FullName,IsoId,MarketId,PrimaryDunsNumber,LpEntityId,SalesForceId,UtilityStatusId)       VALUES('17354A6D-10D4-416F-8CBB-3FFE07A34A45','CTPEN','0','Script',convert(datetime,'Jun 17 2013  5:04PM'),'Script',convert(datetime,'Jun 17 2013  5:04PM'),'3','Centerpoint Energy (Houston Area)','E0520D21-2B6A-4ACF-A80F-379E5E78D3A7','5A039BAC-546A-4BDC-B506-F5DCAA776940','957877905','LPT','','B1C1A0E1-B631-4170-85A8-9DE8B07AB102')
INSERT utilitycompany(Id,UtilityCode,Inactive,CreatedBy,CreatedDate,LastModifiedBy,LastModifiedDate,UtilityIdInt,FullName,IsoId,MarketId,PrimaryDunsNumber,LpEntityId,SalesForceId,UtilityStatusId)       VALUES('9C5951A3-6EE6-4D59-B0CA-40F4EED134FF','BGE','0','Script',convert(datetime,'Jun 17 2013  5:04PM'),'Script',convert(datetime,'Jun 17 2013  5:04PM'),'13','BGE (BALTIMORE GAS AND ELECTRIC)','1AF3C30D-4115-4925-BCD8-6371FF258628','F3CE4346-E89D-4C2E-A9A8-C46C572CF03A','156171464','LPMD','','B1C1A0E1-B631-4170-85A8-9DE8B07AB102')
INSERT utilitycompany(Id,UtilityCode,Inactive,CreatedBy,CreatedDate,LastModifiedBy,LastModifiedDate,UtilityIdInt,FullName,IsoId,MarketId,PrimaryDunsNumber,LpEntityId,SalesForceId,UtilityStatusId)       VALUES('188C8A0C-EA68-4177-90FD-426F2DB3A4D1','AEPCE','0','DevTestOne',convert(datetime,'Jun 14 2013 11:05AM'),'DevTestOne',convert(datetime,'Jun 14 2013 12:13PM'),'1','AEP TEXAS CENTRAL (CORPUS CHRISTI AREA)','E0520D21-2B6A-4ACF-A80F-379E5E78D3A7','5A039BAC-546A-4BDC-B506-F5DCAA776940','007924772','LPT','','B1C1A0E1-B631-4170-85A8-9DE8B07AB102')
--INSERT utilitycompany(Id,UtilityCode,Inactive,CreatedBy,CreatedDate,LastModifiedBy,LastModifiedDate,UtilityIdInt,FullName,IsoId,MarketId,PrimaryDunsNumber,LpEntityId,SalesForceId,UtilityStatusId)       VALUES('2CE67548-A7F6-4668-A970-45579BBE5CDE','Test Utility Company 1','0','DevTestTwo',convert(datetime,'Jun 25 2013 10:48AM'),'DevTestTwo',convert(datetime,'Jun 25 2013 10:48AM'),'1003','','0','0','','','','0')
INSERT utilitycompany(Id,UtilityCode,Inactive,CreatedBy,CreatedDate,LastModifiedBy,LastModifiedDate,UtilityIdInt,FullName,IsoId,MarketId,PrimaryDunsNumber,LpEntityId,SalesForceId,UtilityStatusId)       VALUES('51E753B7-4FA1-4DFD-BC94-4AFBEAD684E9','SHARYLAND','0','Script',convert(datetime,'Jun 17 2013  5:04PM'),'Script',convert(datetime,'Jun 17 2013  5:04PM'),'43','SHARYLAND UTILITIES','E0520D21-2B6A-4ACF-A80F-379E5E78D3A7','5A039BAC-546A-4BDC-B506-F5DCAA776940','105262336','LPT','','B1C1A0E1-B631-4170-85A8-9DE8B07AB102')
INSERT utilitycompany(Id,UtilityCode,Inactive,CreatedBy,CreatedDate,LastModifiedBy,LastModifiedDate,UtilityIdInt,FullName,IsoId,MarketId,PrimaryDunsNumber,LpEntityId,SalesForceId,UtilityStatusId)       VALUES('5EA7302D-408D-4898-B01B-4C569A86179E','CEI','0','Script',convert(datetime,'Jun 17 2013  5:04PM'),'Script',convert(datetime,'Jun 17 2013  5:04PM'),'62','CLEVELAND ILLUMINATING','1AF3C30D-4115-4925-BCD8-6371FF258628','9C772CF9-598C-4996-853E-CAD1E55F986C','007900293','LPHOH01','','B1C1A0E1-B631-4170-85A8-9DE8B07AB102')
--INSERT utilitycompany(Id,UtilityCode,Inactive,CreatedBy,CreatedDate,LastModifiedBy,LastModifiedDate,UtilityIdInt,FullName,IsoId,MarketId,PrimaryDunsNumber,LpEntityId,SalesForceId,UtilityStatusId)       VALUES('EC13801E-55AE-4C73-81A5-4E9F67B9AB3B','A to Z','1','DevTestThree',convert(datetime,'Jun 21 2013 10:13AM'),'User',convert(datetime,'Aug 20 2013  7:54PM'),'1014','','0','0','','','','0')
INSERT utilitycompany(Id,UtilityCode,Inactive,CreatedBy,CreatedDate,LastModifiedBy,LastModifiedDate,UtilityIdInt,FullName,IsoId,MarketId,PrimaryDunsNumber,LpEntityId,SalesForceId,UtilityStatusId)       VALUES('B5752A99-D836-4E3F-AF1D-4F706A76B98A','CONED','0','DevTestOne',convert(datetime,'Jun 13 2013  1:58PM'),'DevTestOne',convert(datetime,'Jun 14 2013 11:26AM'),'18','CONED (CON EDISON COMPANY OF NEW YORK)','BC82207F-ABBD-42E6-B9D1-5977248FD220','ED1F2892-13DF-49B7-802C-F1CCD17DE2D0','006982359','LPH','','B1C1A0E1-B631-4170-85A8-9DE8B07AB102')
INSERT utilitycompany(Id,UtilityCode,Inactive,CreatedBy,CreatedDate,LastModifiedBy,LastModifiedDate,UtilityIdInt,FullName,IsoId,MarketId,PrimaryDunsNumber,LpEntityId,SalesForceId,UtilityStatusId)       VALUES('8646A836-1192-412B-B95A-50FCB99719DD','DAYTON','0','Script',convert(datetime,'Jun 17 2013  5:04PM'),'Script',convert(datetime,'Jun 17 2013  5:04PM'),'61','DAYTON POWER & LIGHT','1AF3C30D-4115-4925-BCD8-6371FF258628','9C772CF9-598C-4996-853E-CAD1E55F986C','147212336','LPH','','B1C1A0E1-B631-4170-85A8-9DE8B07AB102')
INSERT utilitycompany(Id,UtilityCode,Inactive,CreatedBy,CreatedDate,LastModifiedBy,LastModifiedDate,UtilityIdInt,FullName,IsoId,MarketId,PrimaryDunsNumber,LpEntityId,SalesForceId,UtilityStatusId)       VALUES('AA094633-2216-4501-A98B-53C2E40D67DF','MECO','0','Script',convert(datetime,'Jun 17 2013  5:04PM'),'Script',convert(datetime,'Jun 17 2013  5:04PM'),'23','MECO (MASSACHUSETTS ELECTRIC CO - NATIONAL GRID)','E8F47144-BCB5-48BE-85F9-87573DB6F4BD','82E80F16-4147-4398-A1BF-E27C0F68A0EA','006952626','LPH-NE','','B1C1A0E1-B631-4170-85A8-9DE8B07AB102')
--INSERT utilitycompany(Id,UtilityCode,Inactive,CreatedBy,CreatedDate,LastModifiedBy,LastModifiedDate,UtilityIdInt,FullName,IsoId,MarketId,PrimaryDunsNumber,LpEntityId,SalesForceId,UtilityStatusId)       VALUES('BB9F6730-58B9-4AA3-98B6-54BB11387C71','FPL','0','DevTestOne',convert(datetime,'Jun 10 2013  2:52PM'),'DevTestOne',convert(datetime,'Jun 14 2013 11:12AM'),'1005','','0','0','','','','0')
INSERT utilitycompany(Id,UtilityCode,Inactive,CreatedBy,CreatedDate,LastModifiedBy,LastModifiedDate,UtilityIdInt,FullName,IsoId,MarketId,PrimaryDunsNumber,LpEntityId,SalesForceId,UtilityStatusId)       VALUES('02534F34-D68E-4FE8-B202-5544745C6493','BANGOR','0','Script',convert(datetime,'Jun 17 2013  5:04PM'),'Script',convert(datetime,'Jun 17 2013  5:04PM'),'12','BANGOR-HYD (BANGOR HYDRO ELECTRIC CO.)','E8F47144-BCB5-48BE-85F9-87573DB6F4BD','E48667C8-D222-4C85-9949-2741CE6A79F8','006949002','LPHME          ','','B1C1A0E1-B631-4170-85A8-9DE8B07AB102')
INSERT utilitycompany(Id,UtilityCode,Inactive,CreatedBy,CreatedDate,LastModifiedBy,LastModifiedDate,UtilityIdInt,FullName,IsoId,MarketId,PrimaryDunsNumber,LpEntityId,SalesForceId,UtilityStatusId)       VALUES('3B73777A-71A4-4D45-A3A3-584814A9E5AA','PSEG','0','DevTestOne',convert(datetime,'Jun 13 2013  3:34PM'),'DevTestOne',convert(datetime,'Jun 14 2013 11:12AM'),'38','PSEG (PUBLIC SERVICE ELECTRIC & GAS)','1AF3C30D-4115-4925-BCD8-6371FF258628','8180A29D-1C21-4875-B07A-195F6ACF2777','006973812','LPH','','B1C1A0E1-B631-4170-85A8-9DE8B07AB102')
INSERT utilitycompany(Id,UtilityCode,Inactive,CreatedBy,CreatedDate,LastModifiedBy,LastModifiedDate,UtilityIdInt,FullName,IsoId,MarketId,PrimaryDunsNumber,LpEntityId,SalesForceId,UtilityStatusId)       VALUES('B8126F35-AE51-4BAD-9DF7-59091AEC3DDE','TXNMP','0','Script',convert(datetime,'Jun 17 2013  5:04PM'),'Script',convert(datetime,'Jun 17 2013  5:04PM'),'4','TNMP (Texas New Mexico Power Area)','E0520D21-2B6A-4ACF-A80F-379E5E78D3A7','5A039BAC-546A-4BDC-B506-F5DCAA776940','007929441','LPT','','B1C1A0E1-B631-4170-85A8-9DE8B07AB102')
INSERT utilitycompany(Id,UtilityCode,Inactive,CreatedBy,CreatedDate,LastModifiedBy,LastModifiedDate,UtilityIdInt,FullName,IsoId,MarketId,PrimaryDunsNumber,LpEntityId,SalesForceId,UtilityStatusId)       VALUES('A7172E9A-5F63-4C83-8634-5A880435AE41','OHP','0','Script',convert(datetime,'Jun 17 2013  5:04PM'),'Script',convert(datetime,'Jun 17 2013  5:04PM'),'58','AEP OHIO POWER','1AF3C30D-4115-4925-BCD8-6371FF258628','9C772CF9-598C-4996-853E-CAD1E55F986C','002899953','LPH','','B1C1A0E1-B631-4170-85A8-9DE8B07AB102')
--INSERT utilitycompany(Id,UtilityCode,Inactive,CreatedBy,CreatedDate,LastModifiedBy,LastModifiedDate,UtilityIdInt,FullName,IsoId,MarketId,PrimaryDunsNumber,LpEntityId,SalesForceId,UtilityStatusId)       VALUES('31840080-5E04-473C-A34C-5D579613D8D3','Utility Nummer Eins1','0','Script',convert(datetime,'Jun 17 2013  5:04PM'),'User',convert(datetime,'Aug 22 2013  3:08PM'),'1016','','0','0','','','','0')
INSERT utilitycompany(Id,UtilityCode,Inactive,CreatedBy,CreatedDate,LastModifiedBy,LastModifiedDate,UtilityIdInt,FullName,IsoId,MarketId,PrimaryDunsNumber,LpEntityId,SalesForceId,UtilityStatusId)       VALUES('8E839BD7-F840-42BD-941B-5F7676F1243C','PENNPR','0','Script',convert(datetime,'Jun 17 2013  5:04PM'),'Script',convert(datetime,'Jun 17 2013  5:04PM'),'51','PENNPR (PENN POWER)','1AF3C30D-4115-4925-BCD8-6371FF258628','45DE601F-F983-4C1C-95F4-551402B4C3C8','007912736','LPH-PA3','','B1C1A0E1-B631-4170-85A8-9DE8B07AB102')
INSERT utilitycompany(Id,UtilityCode,Inactive,CreatedBy,CreatedDate,LastModifiedBy,LastModifiedDate,UtilityIdInt,FullName,IsoId,MarketId,PrimaryDunsNumber,LpEntityId,SalesForceId,UtilityStatusId)       VALUES('BDB41D87-19F5-4887-A55D-6208EF246806','OHED','0','Script',convert(datetime,'Jun 17 2013  5:04PM'),'Script',convert(datetime,'Jun 17 2013  5:04PM'),'64','OHIO EDISON','1AF3C30D-4115-4925-BCD8-6371FF258628','9C772CF9-598C-4996-853E-CAD1E55F986C','006998371','LPHOH01','','B1C1A0E1-B631-4170-85A8-9DE8B07AB102')
INSERT utilitycompany(Id,UtilityCode,Inactive,CreatedBy,CreatedDate,LastModifiedBy,LastModifiedDate,UtilityIdInt,FullName,IsoId,MarketId,PrimaryDunsNumber,LpEntityId,SalesForceId,UtilityStatusId)       VALUES('04A37847-AF38-4EB7-8C43-6C5595B32336','ORNJ','0','Script',convert(datetime,'Jun 17 2013  5:04PM'),'Script',convert(datetime,'Jun 17 2013  5:04PM'),'33','ROCKLAND NEW JERSEY','1AF3C30D-4115-4925-BCD8-6371FF258628','8180A29D-1C21-4875-B07A-195F6ACF2777','006993406','LPH','','B1C1A0E1-B631-4170-85A8-9DE8B07AB102')
INSERT utilitycompany(Id,UtilityCode,Inactive,CreatedBy,CreatedDate,LastModifiedBy,LastModifiedDate,UtilityIdInt,FullName,IsoId,MarketId,PrimaryDunsNumber,LpEntityId,SalesForceId,UtilityStatusId)       VALUES('6A71B8DC-FB67-47FD-9E72-6F0EF87B106E','PEPCO-DC','0','Script',convert(datetime,'Jun 17 2013  5:04PM'),'Script',convert(datetime,'Jun 17 2013  5:04PM'),'34','PEPCO-DC (POTOMAC ELECTRIC POWER COMPANY DC)','1AF3C30D-4115-4925-BCD8-6371FF258628','35CDFB05-8B32-4CD3-AE7E-2F67BB9DA29F','006920284DC','LPDC','','B1C1A0E1-B631-4170-85A8-9DE8B07AB102')
INSERT utilitycompany(Id,UtilityCode,Inactive,CreatedBy,CreatedDate,LastModifiedBy,LastModifiedDate,UtilityIdInt,FullName,IsoId,MarketId,PrimaryDunsNumber,LpEntityId,SalesForceId,UtilityStatusId)       VALUES('C5F85B90-44FC-4EF8-A976-714D940DA086','SDGE','0','Script',convert(datetime,'Jun 17 2013  5:04PM'),'Script',convert(datetime,'Jun 17 2013  5:04PM'),'42','SDGE (SAN DIEGO GAS AND ELECTRIC)','F7EBFE45-A8C6-4B0E-A01D-5685EC22F77F','368DA012-363F-4EF0-B10E-36434EA8AE0C','006911457','LPH','','B1C1A0E1-B631-4170-85A8-9DE8B07AB102')
INSERT utilitycompany(Id,UtilityCode,Inactive,CreatedBy,CreatedDate,LastModifiedBy,LastModifiedDate,UtilityIdInt,FullName,IsoId,MarketId,PrimaryDunsNumber,LpEntityId,SalesForceId,UtilityStatusId)       VALUES('C656C392-4FDD-4A36-84BA-7205D2890263','WMECO','0','Script',convert(datetime,'Jun 17 2013  5:04PM'),'Script',convert(datetime,'Jun 17 2013  5:04PM'),'48','WMECO (WESTERN MASSACHUSETTS CO)','E8F47144-BCB5-48BE-85F9-87573DB6F4BD','82E80F16-4147-4398-A1BF-E27C0F68A0EA','006956551','LPH','','B1C1A0E1-B631-4170-85A8-9DE8B07AB102')
--INSERT utilitycompany(Id,UtilityCode,Inactive,CreatedBy,CreatedDate,LastModifiedBy,LastModifiedDate,UtilityIdInt,FullName,IsoId,MarketId,PrimaryDunsNumber,LpEntityId,SalesForceId,UtilityStatusId)       VALUES('A890E252-A3DB-4AFE-AFC9-72F4933F6591','Test Bogus One','0','User',convert(datetime,'Jul 31 2013  5:35PM'),'User',convert(datetime,'Jul 31 2013  5:35PM'),'1009','','0','0','','','','0')
INSERT utilitycompany(Id,UtilityCode,Inactive,CreatedBy,CreatedDate,LastModifiedBy,LastModifiedDate,UtilityIdInt,FullName,IsoId,MarketId,PrimaryDunsNumber,LpEntityId,SalesForceId,UtilityStatusId)       VALUES('4536F846-FBBC-431D-8068-7485679F786B','ROCKLAND','0','Script',convert(datetime,'Jun 17 2013  5:04PM'),'Script',convert(datetime,'Jun 17 2013  5:04PM'),'40','ROCKLAND ELECTRIC','1AF3C30D-4115-4925-BCD8-6371FF258628','8180A29D-1C21-4875-B07A-195F6ACF2777','006993406','LPH','','7366ECC9-D64D-41C6-BDE6-41BD7D925837')
INSERT utilitycompany(Id,UtilityCode,Inactive,CreatedBy,CreatedDate,LastModifiedBy,LastModifiedDate,UtilityIdInt,FullName,IsoId,MarketId,PrimaryDunsNumber,LpEntityId,SalesForceId,UtilityStatusId)       VALUES('53164C93-71B7-4104-BBF5-778BBA364DE5','CL&P','0','Script',convert(datetime,'Jun 17 2013  5:04PM'),'Script',convert(datetime,'Jun 17 2013  5:04PM'),'15','CL&P (CONNECTICUT LIGHT AND POWER)','E8F47144-BCB5-48BE-85F9-87573DB6F4BD','7DEB1612-228B-4572-9AD8-9822CF5E0493','006917090','LPH','','B1C1A0E1-B631-4170-85A8-9DE8B07AB102')
INSERT utilitycompany(Id,UtilityCode,Inactive,CreatedBy,CreatedDate,LastModifiedBy,LastModifiedDate,UtilityIdInt,FullName,IsoId,MarketId,PrimaryDunsNumber,LpEntityId,SalesForceId,UtilityStatusId)       VALUES('E3D84C60-4DE7-4965-80B7-7A691EA22485','CSP','0','Script',convert(datetime,'Jun 17 2013  5:04PM'),'Script',convert(datetime,'Jun 17 2013  5:04PM'),'59','AEP COLUMBUS SOUTHERN POWER','1AF3C30D-4115-4925-BCD8-6371FF258628','9C772CF9-598C-4996-853E-CAD1E55F986C','007901739','LPH','','B1C1A0E1-B631-4170-85A8-9DE8B07AB102')
INSERT utilitycompany(Id,UtilityCode,Inactive,CreatedBy,CreatedDate,LastModifiedBy,LastModifiedDate,UtilityIdInt,FullName,IsoId,MarketId,PrimaryDunsNumber,LpEntityId,SalesForceId,UtilityStatusId)       VALUES('7F11CC94-5A53-44B8-9C6A-81D586822677','NSTAR-BOS','0','Script',convert(datetime,'Jun 17 2013  5:04PM'),'Script',convert(datetime,'Jun 17 2013  5:04PM'),'27','NSTAR-BOS (NSTAR BOSTON EDISON)','E8F47144-BCB5-48BE-85F9-87573DB6F4BD','82E80F16-4147-4398-A1BF-E27C0F68A0EA','006951552','LPH','','B1C1A0E1-B631-4170-85A8-9DE8B07AB102')
INSERT utilitycompany(Id,UtilityCode,Inactive,CreatedBy,CreatedDate,LastModifiedBy,LastModifiedDate,UtilityIdInt,FullName,IsoId,MarketId,PrimaryDunsNumber,LpEntityId,SalesForceId,UtilityStatusId)       VALUES('717B8795-C296-4AFD-AA4B-89D83C55C284','METED','0','Script',convert(datetime,'Jun 17 2013  5:04PM'),'Script',convert(datetime,'Jun 17 2013  5:04PM'),'49','METED (METROPOLITAN EDISON COMPANY)','1AF3C30D-4115-4925-BCD8-6371FF258628','45DE601F-F983-4C1C-95F4-551402B4C3C8','007916836','LPH-PA2','','B1C1A0E1-B631-4170-85A8-9DE8B07AB102')
INSERT utilitycompany(Id,UtilityCode,Inactive,CreatedBy,CreatedDate,LastModifiedBy,LastModifiedDate,UtilityIdInt,FullName,IsoId,MarketId,PrimaryDunsNumber,LpEntityId,SalesForceId,UtilityStatusId)       VALUES('44D86050-0962-4F7E-8A46-8F3B54A5FA87','CMP','0','Script',convert(datetime,'Jun 17 2013  5:04PM'),'Script',convert(datetime,'Jun 17 2013  5:04PM'),'16','CMP (CENTRAL MAINE POWER)','E8F47144-BCB5-48BE-85F9-87573DB6F4BD','E48667C8-D222-4C85-9949-2741CE6A79F8','006948954','LPHME2','','B1C1A0E1-B631-4170-85A8-9DE8B07AB102')
INSERT utilitycompany(Id,UtilityCode,Inactive,CreatedBy,CreatedDate,LastModifiedBy,LastModifiedDate,UtilityIdInt,FullName,IsoId,MarketId,PrimaryDunsNumber,LpEntityId,SalesForceId,UtilityStatusId)       VALUES('35D4B486-FA2A-4295-BF5C-93ABF56C5BAE','RGE','0','Script',convert(datetime,'Jun 17 2013  5:04PM'),'Script',convert(datetime,'Jun 17 2013  5:04PM'),'39','RGE (ROCHESTER GAS & ELECTRIC)','BC82207F-ABBD-42E6-B9D1-5977248FD220','ED1F2892-13DF-49B7-802C-F1CCD17DE2D0','160612110','LPH','','B1C1A0E1-B631-4170-85A8-9DE8B07AB102')
--INSERT utilitycompany(Id,UtilityCode,Inactive,CreatedBy,CreatedDate,LastModifiedBy,LastModifiedDate,UtilityIdInt,FullName,IsoId,MarketId,PrimaryDunsNumber,LpEntityId,SalesForceId,UtilityStatusId)       VALUES('3CEAD686-1436-4ABF-99E5-A7C072F4459F','Test One','0','DevTestTwo',convert(datetime,'Jun 25 2013 10:42AM'),'DevTestTwo',convert(datetime,'Jun 25 2013 10:42AM'),'1006','','0','0','','','','0')
INSERT utilitycompany(Id,UtilityCode,Inactive,CreatedBy,CreatedDate,LastModifiedBy,LastModifiedDate,UtilityIdInt,FullName,IsoId,MarketId,PrimaryDunsNumber,LpEntityId,SalesForceId,UtilityStatusId)       VALUES('781B0811-20F9-4DEC-814F-AC6111353D4E','ALLEGMD','0','Script',convert(datetime,'Jun 17 2013  5:04PM'),'User',convert(datetime,'Aug 20 2013  7:39PM'),'10','POTOMAC EDISON (ALLEGHENY POWER)','1AF3C30D-4115-4925-BCD8-6371FF258628','F3CE4346-E89D-4C2E-A9A8-C46C572CF03A','043381565EDC','LPH-MD','','B1C1A0E1-B631-4170-85A8-9DE8B07AB102')
INSERT utilitycompany(Id,UtilityCode,Inactive,CreatedBy,CreatedDate,LastModifiedBy,LastModifiedDate,UtilityIdInt,FullName,IsoId,MarketId,PrimaryDunsNumber,LpEntityId,SalesForceId,UtilityStatusId)       VALUES('6D629430-E9FA-411F-8DAC-ADBFCFBED101','COMED','0','Script',convert(datetime,'Jun 17 2013  5:04PM'),'Script',convert(datetime,'Jun 17 2013  5:04PM'),'17','COMED (COMMONWEALTH EDISON)','1AF3C30D-4115-4925-BCD8-6371FF258628','E6D7349F-F913-4846-8A54-0F3E0ED9B969','006929509','LPH','','B1C1A0E1-B631-4170-85A8-9DE8B07AB102')
--INSERT utilitycompany(Id,UtilityCode,Inactive,CreatedBy,CreatedDate,LastModifiedBy,LastModifiedDate,UtilityIdInt,FullName,IsoId,MarketId,PrimaryDunsNumber,LpEntityId,SalesForceId,UtilityStatusId)       VALUES('AB3AE938-DC26-4A96-9DAF-AE976C987485','Utility numéro un','0','Script',convert(datetime,'Jun 17 2013  5:04PM'),'User',convert(datetime,'Aug  6 2013 10:20AM'),'1017','','0','0','','','','0')
INSERT utilitycompany(Id,UtilityCode,Inactive,CreatedBy,CreatedDate,LastModifiedBy,LastModifiedDate,UtilityIdInt,FullName,IsoId,MarketId,PrimaryDunsNumber,LpEntityId,SalesForceId,UtilityStatusId)       VALUES('A3C6B621-C361-4123-BB2C-B79F9484632D','O&R','0','Script',convert(datetime,'Jun 17 2013  5:04PM'),'Script',convert(datetime,'Jun 17 2013  5:04PM'),'31','ORANGE AND ROCKLAND','BC82207F-ABBD-42E6-B9D1-5977248FD220','ED1F2892-13DF-49B7-802C-F1CCD17DE2D0','006993406','LPH','','B1C1A0E1-B631-4170-85A8-9DE8B07AB102')
INSERT utilitycompany(Id,UtilityCode,Inactive,CreatedBy,CreatedDate,LastModifiedBy,LastModifiedDate,UtilityIdInt,FullName,IsoId,MarketId,PrimaryDunsNumber,LpEntityId,SalesForceId,UtilityStatusId)       VALUES('D6FD610C-FFC7-41F2-8CE9-BDD9A4CDE55A','ONCOR-SESCO','0','Script',convert(datetime,'Jun 17 2013  5:04PM'),'Script',convert(datetime,'Jun 17 2013  5:04PM'),'32','ONCOR-SESCO (ONCOR ELECTRIC DELIVERY SESCO)','E0520D21-2B6A-4ACF-A80F-379E5E78D3A7','5A039BAC-546A-4BDC-B506-F5DCAA776940','1039940674000','LPT','','7366ECC9-D64D-41C6-BDE6-41BD7D925837')
INSERT utilitycompany(Id,UtilityCode,Inactive,CreatedBy,CreatedDate,LastModifiedBy,LastModifiedDate,UtilityIdInt,FullName,IsoId,MarketId,PrimaryDunsNumber,LpEntityId,SalesForceId,UtilityStatusId)       VALUES('0AE1BFCA-26CF-423A-9F7A-BF95E30516C6','ACE','0','DevTestOne',convert(datetime,'Jun 13 2013  2:58PM'),'User',convert(datetime,'Aug 22 2013  3:07PM'),'9','ACE (ATLANTIC CITY ELECTRIC)','1AF3C30D-4115-4925-BCD8-6371FF258628','8180A29D-1C21-4875-B07A-195F6ACF2777','006971618NJ','LPH-P','','B1C1A0E1-B631-4170-85A8-9DE8B07AB102')
INSERT utilitycompany(Id,UtilityCode,Inactive,CreatedBy,CreatedDate,LastModifiedBy,LastModifiedDate,UtilityIdInt,FullName,IsoId,MarketId,PrimaryDunsNumber,LpEntityId,SalesForceId,UtilityStatusId)       VALUES('F5DC416A-C6B3-4E5E-8139-BFC557BAD5DF','WPP','0','Script',convert(datetime,'Jun 17 2013  5:04PM'),'DevTestThree',convert(datetime,'Jun 20 2013  2:24PM'),'56','WEST PENN POWER (ALLEGHENY)','1AF3C30D-4115-4925-BCD8-6371FF258628','45DE601F-F983-4C1C-95F4-551402B4C3C8','007911050EDC','LPH-PA4','','B1C1A0E1-B631-4170-85A8-9DE8B07AB102')
INSERT utilitycompany(Id,UtilityCode,Inactive,CreatedBy,CreatedDate,LastModifiedBy,LastModifiedDate,UtilityIdInt,FullName,IsoId,MarketId,PrimaryDunsNumber,LpEntityId,SalesForceId,UtilityStatusId)       VALUES('CF1FDA97-9464-445D-8F8B-C23D0C4B7B9D','TXU-SESCO','0','Script',convert(datetime,'Jun 17 2013  5:04PM'),'Script',convert(datetime,'Jun 17 2013  5:04PM'),'8','Oncor Electric Delivery (SESCO)','E0520D21-2B6A-4ACF-A80F-379E5E78D3A7','5A039BAC-546A-4BDC-B506-F5DCAA776940','1039940674000','LPT','','7366ECC9-D64D-41C6-BDE6-41BD7D925837')
--INSERT utilitycompany(Id,UtilityCode,Inactive,CreatedBy,CreatedDate,LastModifiedBy,LastModifiedDate,UtilityIdInt,FullName,IsoId,MarketId,PrimaryDunsNumber,LpEntityId,SalesForceId,UtilityStatusId)       VALUES('E90DEE46-4355-4CDD-8756-C4151AFFCE49','Utility Numero Uno2','0','Script',convert(datetime,'Jun 17 2013  5:04PM'),'User',convert(datetime,'Aug 22 2013  3:07PM'),'1018','','0','0','','','','0')
INSERT utilitycompany(Id,UtilityCode,Inactive,CreatedBy,CreatedDate,LastModifiedBy,LastModifiedDate,UtilityIdInt,FullName,IsoId,MarketId,PrimaryDunsNumber,LpEntityId,SalesForceId,UtilityStatusId)       VALUES('2032D6F6-411A-4DB1-BAC7-C57EE80B3678','TOLED','0','Script',convert(datetime,'Jun 17 2013  5:04PM'),'Script',convert(datetime,'Jun 17 2013  5:04PM'),'63','TOLEDO EDISON','1AF3C30D-4115-4925-BCD8-6371FF258628','9C772CF9-598C-4996-853E-CAD1E55F986C','007904626','LPHOH01','','B1C1A0E1-B631-4170-85A8-9DE8B07AB102')
--INSERT utilitycompany(Id,UtilityCode,Inactive,CreatedBy,CreatedDate,LastModifiedBy,LastModifiedDate,UtilityIdInt,FullName,IsoId,MarketId,PrimaryDunsNumber,LpEntityId,SalesForceId,UtilityStatusId)       VALUES('169E98B2-9EB0-4588-A41C-C68E2D0951F0','Max Id','0','User',convert(datetime,'Jul 12 2013  5:56PM'),'User',convert(datetime,'Jul 12 2013  5:56PM'),'1008','','0','0','','','','0')
INSERT utilitycompany(Id,UtilityCode,Inactive,CreatedBy,CreatedDate,LastModifiedBy,LastModifiedDate,UtilityIdInt,FullName,IsoId,MarketId,PrimaryDunsNumber,LpEntityId,SalesForceId,UtilityStatusId)       VALUES('9239EEAD-74E3-4ADA-8BB4-CF4837E75368','UI','0','Script',convert(datetime,'Jun 17 2013  5:04PM'),'Script',convert(datetime,'Jun 17 2013  5:04PM'),'46','UI (UNITED ILLUMINATING)','E8F47144-BCB5-48BE-85F9-87573DB6F4BD','7DEB1612-228B-4572-9AD8-9822CF5E0493','006917967','LPH','','B1C1A0E1-B631-4170-85A8-9DE8B07AB102')
INSERT utilitycompany(Id,UtilityCode,Inactive,CreatedBy,CreatedDate,LastModifiedBy,LastModifiedDate,UtilityIdInt,FullName,IsoId,MarketId,PrimaryDunsNumber,LpEntityId,SalesForceId,UtilityStatusId)       VALUES('6B3ADBF4-EE09-4F59-9869-D118430D0243','ONCOR','0','Script',convert(datetime,'Jun 17 2013  5:04PM'),'Script',convert(datetime,'Jun 17 2013  5:04PM'),'5','ONCOR ELECTRIC DELIVERY','E0520D21-2B6A-4ACF-A80F-379E5E78D3A7','5A039BAC-546A-4BDC-B506-F5DCAA776940','1039940674000','LPT            ','','B1C1A0E1-B631-4170-85A8-9DE8B07AB102')
INSERT utilitycompany(Id,UtilityCode,Inactive,CreatedBy,CreatedDate,LastModifiedBy,LastModifiedDate,UtilityIdInt,FullName,IsoId,MarketId,PrimaryDunsNumber,LpEntityId,SalesForceId,UtilityStatusId)       VALUES('08F30DDC-86C2-46D6-A880-D9571292FA92','PENELEC','0','Script',convert(datetime,'Jun 17 2013  5:04PM'),'Script',convert(datetime,'Jun 17 2013  5:04PM'),'50','PENELEC (PENNSYLVANIA ELECTRIC COMPANY)','1AF3C30D-4115-4925-BCD8-6371FF258628','45DE601F-F983-4C1C-95F4-551402B4C3C8','008967614','LPH-PA2','','B1C1A0E1-B631-4170-85A8-9DE8B07AB102')
INSERT utilitycompany(Id,UtilityCode,Inactive,CreatedBy,CreatedDate,LastModifiedBy,LastModifiedDate,UtilityIdInt,FullName,IsoId,MarketId,PrimaryDunsNumber,LpEntityId,SalesForceId,UtilityStatusId)       VALUES('318ECB2A-FFDB-49F3-B2EF-DD3F3AED9499','TXU','0','Script',convert(datetime,'Jun 17 2013  5:04PM'),'Script',convert(datetime,'Jun 17 2013  5:04PM'),'44','TXU ELECTRIC DELIVERY','E0520D21-2B6A-4ACF-A80F-379E5E78D3A7','5A039BAC-546A-4BDC-B506-F5DCAA776940','1039940674000','LPT','','7366ECC9-D64D-41C6-BDE6-41BD7D925837')
INSERT utilitycompany(Id,UtilityCode,Inactive,CreatedBy,CreatedDate,LastModifiedBy,LastModifiedDate,UtilityIdInt,FullName,IsoId,MarketId,PrimaryDunsNumber,LpEntityId,SalesForceId,UtilityStatusId)       VALUES('DCECE9E3-A9F8-40C2-9BDA-DF1B3D84B519','UNITIL','0','Script',convert(datetime,'Jun 17 2013  5:04PM'),'Script',convert(datetime,'Jun 17 2013  5:04PM'),'47','UNITIL (FITCHBURG GAS & ELECTRIC CO)','E8F47144-BCB5-48BE-85F9-87573DB6F4BD','82E80F16-4147-4398-A1BF-E27C0F68A0EA','006954317','LPH','','B1C1A0E1-B631-4170-85A8-9DE8B07AB102')
--INSERT utilitycompany(Id,UtilityCode,Inactive,CreatedBy,CreatedDate,LastModifiedBy,LastModifiedDate,UtilityIdInt,FullName,IsoId,MarketId,PrimaryDunsNumber,LpEntityId,SalesForceId,UtilityStatusId)       VALUES('E91250D2-BF8C-4F65-BC60-DF8AC19A0562','Utility número uno','0','lptest',convert(datetime,'Jun 26 2013  4:20AM'),'User',convert(datetime,'Aug  6 2013 10:21AM'),'1020','','0','0','','','','0')
INSERT utilitycompany(Id,UtilityCode,Inactive,CreatedBy,CreatedDate,LastModifiedBy,LastModifiedDate,UtilityIdInt,FullName,IsoId,MarketId,PrimaryDunsNumber,LpEntityId,SalesForceId,UtilityStatusId)       VALUES('EAB6A123-8715-43FA-99A1-E1C5AF1DC99D','AEPNO','0','Script',convert(datetime,'Jun 17 2013  5:04PM'),'Script',convert(datetime,'Jun 17 2013  5:04PM'),'2','AEP Texas North (Abilene Area)','E0520D21-2B6A-4ACF-A80F-379E5E78D3A7','5A039BAC-546A-4BDC-B506-F5DCAA776940','007923311','LPT','','B1C1A0E1-B631-4170-85A8-9DE8B07AB102')
INSERT utilitycompany(Id,UtilityCode,Inactive,CreatedBy,CreatedDate,LastModifiedBy,LastModifiedDate,UtilityIdInt,FullName,IsoId,MarketId,PrimaryDunsNumber,LpEntityId,SalesForceId,UtilityStatusId)       VALUES('1D6A5BFA-09ED-401C-B3E2-E8BE8940A13E','NECO','0','Script',convert(datetime,'Jun 17 2013  5:04PM'),'Script',convert(datetime,'Jun 17 2013  5:04PM'),'25','NECO (NARRANGANSETT ELECTRIC CO. - NATIONAL GRID)','E8F47144-BCB5-48BE-85F9-87573DB6F4BD','3DA37DE0-3039-446E-B4B1-CF613A147CC1','001193655','LPH-NE','','B1C1A0E1-B631-4170-85A8-9DE8B07AB102')
INSERT utilitycompany(Id,UtilityCode,Inactive,CreatedBy,CreatedDate,LastModifiedBy,LastModifiedDate,UtilityIdInt,FullName,IsoId,MarketId,PrimaryDunsNumber,LpEntityId,SalesForceId,UtilityStatusId)       VALUES('DA779CCD-6632-402A-A4A6-E9D201E0B859','JCP&L','0','Script',convert(datetime,'Jun 17 2013  5:04PM'),'Script',convert(datetime,'Jun 17 2013  5:04PM'),'22','JCP&L (JERSEY CENTRAL POWER & LIGHT)','1AF3C30D-4115-4925-BCD8-6371FF258628','8180A29D-1C21-4875-B07A-195F6ACF2777','006973358','LPH','','B1C1A0E1-B631-4170-85A8-9DE8B07AB102')
INSERT utilitycompany(Id,UtilityCode,Inactive,CreatedBy,CreatedDate,LastModifiedBy,LastModifiedDate,UtilityIdInt,FullName,IsoId,MarketId,PrimaryDunsNumber,LpEntityId,SalesForceId,UtilityStatusId)       VALUES('66F9FA9E-9C41-462B-ABFC-EB6D17B38B15','NIMO','0','Script',convert(datetime,'Jun 17 2013  5:04PM'),'Script',convert(datetime,'Jun 17 2013  5:04PM'),'26','NIMO (NIAGARA MOHAWK)','BC82207F-ABBD-42E6-B9D1-5977248FD220','ED1F2892-13DF-49B7-802C-F1CCD17DE2D0','006994735','LPH','','B1C1A0E1-B631-4170-85A8-9DE8B07AB102')
--INSERT utilitycompany(Id,UtilityCode,Inactive,CreatedBy,CreatedDate,LastModifiedBy,LastModifiedDate,UtilityIdInt,FullName,IsoId,MarketId,PrimaryDunsNumber,LpEntityId,SalesForceId,UtilityStatusId)       VALUES('F20BFFA9-A3CD-4A08-909B-EBFBF89D8887','Liberty Power Test','0','User',convert(datetime,'Aug  6 2013  3:42PM'),'User',convert(datetime,'Aug  6 2013  4:30PM'),'1023','','0','0','','','','0')
INSERT utilitycompany(Id,UtilityCode,Inactive,CreatedBy,CreatedDate,LastModifiedBy,LastModifiedDate,UtilityIdInt,FullName,IsoId,MarketId,PrimaryDunsNumber,LpEntityId,SalesForceId,UtilityStatusId)       VALUES('50D6486E-7614-4D95-8BCE-ECB1AD45F65A','DELDE','0','Script',convert(datetime,'Jun 17 2013  5:04PM'),'Script',convert(datetime,'Jun 17 2013  5:04PM'),'19','DELDE (DELMARVA POWER)','1AF3C30D-4115-4925-BCD8-6371FF258628','628939A6-BF87-4D5A-A97B-8A31D450B422','006971618DE','LPH','','B1C1A0E1-B631-4170-85A8-9DE8B07AB102')
--INSERT utilitycompany(Id,UtilityCode,Inactive,CreatedBy,CreatedDate,LastModifiedBy,LastModifiedDate,UtilityIdInt,FullName,IsoId,MarketId,PrimaryDunsNumber,LpEntityId,SalesForceId,UtilityStatusId)       VALUES('1BBBEFC1-759D-49FA-8CBB-ECF2F4B8A7D3','Liberty Power Green','1','NULL USER NAME',convert(datetime,'Jul  8 2013  8:09PM'),'User',convert(datetime,'Aug 22 2013  3:18PM'),'1022','','0','0','','','','0')
INSERT utilitycompany(Id,UtilityCode,Inactive,CreatedBy,CreatedDate,LastModifiedBy,LastModifiedDate,UtilityIdInt,FullName,IsoId,MarketId,PrimaryDunsNumber,LpEntityId,SalesForceId,UtilityStatusId)       VALUES('B26EB9B3-313C-485B-B42F-F39FD2C7D5DE','NSTAR-CAMB','0','Script',convert(datetime,'Jun 17 2013  5:04PM'),'Script',convert(datetime,'Jun 17 2013  5:04PM'),'28','NSTAR-CAMB (NSTAR CAMBRIDGE)','E8F47144-BCB5-48BE-85F9-87573DB6F4BD','82E80F16-4147-4398-A1BF-E27C0F68A0EA','006953665','LPH','','B1C1A0E1-B631-4170-85A8-9DE8B07AB102')
INSERT utilitycompany(Id,UtilityCode,Inactive,CreatedBy,CreatedDate,LastModifiedBy,LastModifiedDate,UtilityIdInt,FullName,IsoId,MarketId,PrimaryDunsNumber,LpEntityId,SalesForceId,UtilityStatusId)       VALUES('EE73DF43-1B48-446C-85D0-F61C99FAB9DA','PGE','0','Script',convert(datetime,'Jun 17 2013  5:04PM'),'Script',convert(datetime,'Jun 17 2013  5:04PM'),'36','PGE (PACIFIC GAS AND ELECTRIC COMPANY)','F7EBFE45-A8C6-4B0E-A01D-5685EC22F77F','368DA012-363F-4EF0-B10E-36434EA8AE0C','006912877','LPH','','B1C1A0E1-B631-4170-85A8-9DE8B07AB102')
INSERT utilitycompany(Id,UtilityCode,Inactive,CreatedBy,CreatedDate,LastModifiedBy,LastModifiedDate,UtilityIdInt,FullName,IsoId,MarketId,PrimaryDunsNumber,LpEntityId,SalesForceId,UtilityStatusId)       VALUES('1325DBDF-A286-4DEE-A7F8-FDA23C1500F5','PECO','0','Script',convert(datetime,'Jun 17 2013  5:04PM'),'Script',convert(datetime,'Jun 17 2013  5:04PM'),'55','PECO ENERGY (EXELON)','1AF3C30D-4115-4925-BCD8-6371FF258628','45DE601F-F983-4C1C-95F4-551402B4C3C8','007914468','LPH            ','','B1C1A0E1-B631-4170-85A8-9DE8B07AB102')



INSERT INTO [dbo].[Month] ([Id], [Month], [Name], [Inactive], [CreatedBy], [CreatedDate], [LastModifiedBy], [LastModifiedDate]) VALUES (N'EEC816F2-D3E3-48DC-ABDF-E37584BAD720', 1, N'January', 0, N'Database Initializer', N'2013-07-05 12:22:04', N'Database Initializer', N'2013-07-05 12:45:17')
INSERT INTO [dbo].[Month] ([Id], [Month], [Name], [Inactive], [CreatedBy], [CreatedDate], [LastModifiedBy], [LastModifiedDate]) VALUES (N'AC9E2F9B-42F9-4860-AF34-9298C6AF2EE4', 2, N'February', 0, N'Database Initializer', N'2013-07-05 12:10:20', N'Database Initializer', N'2013-07-05 12:45:23')
INSERT INTO [dbo].[Month] ([Id], [Month], [Name], [Inactive], [CreatedBy], [CreatedDate], [LastModifiedBy], [LastModifiedDate]) VALUES (N'7F399151-45CD-4180-81B0-18AD9DD0E8BC', 3, N'March', 0, N'Database Initializer', N'2013-07-05 12:10:20', N'Database Initializer', N'2013-07-05 12:45:23')
INSERT INTO [dbo].[Month] ([Id], [Month], [Name], [Inactive], [CreatedBy], [CreatedDate], [LastModifiedBy], [LastModifiedDate]) VALUES (N'67806759-F7E0-4FC5-8604-9F5F72AB5922', 4, N'April', 0, N'Database Initializer', N'2013-07-05 12:10:20', N'Database Initializer', N'2013-07-05 12:45:23')
INSERT INTO [dbo].[Month] ([Id], [Month], [Name], [Inactive], [CreatedBy], [CreatedDate], [LastModifiedBy], [LastModifiedDate]) VALUES (N'60C33E26-B008-4C3D-AA35-6F494951F965', 5, N'May', 0, N'Database Initializer', N'2013-07-05 12:10:20', N'Database Initializer', N'2013-07-05 12:45:23')
INSERT INTO [dbo].[Month] ([Id], [Month], [Name], [Inactive], [CreatedBy], [CreatedDate], [LastModifiedBy], [LastModifiedDate]) VALUES (N'BCE2FC90-39CC-4FAB-905A-AE5C385694AE', 6, N'June', 0, N'Database Initializer', N'2013-07-05 12:10:20', N'Database Initializer', N'2013-07-05 12:45:23')
INSERT INTO [dbo].[Month] ([Id], [Month], [Name], [Inactive], [CreatedBy], [CreatedDate], [LastModifiedBy], [LastModifiedDate]) VALUES (N'74606980-C846-4584-A6F0-96D27FE936CD', 7, N'July', 0, N'Database Initializer', N'2013-07-05 12:10:20', N'Database Initializer', N'2013-07-05 12:45:23')
INSERT INTO [dbo].[Month] ([Id], [Month], [Name], [Inactive], [CreatedBy], [CreatedDate], [LastModifiedBy], [LastModifiedDate]) VALUES (N'86F4B2FD-C3A1-45DF-A2CD-FCDEC1A93B5A', 8, N'August', 0, N'Database Initializer', N'2013-07-05 12:10:20', N'Database Initializer', N'2013-07-05 12:45:23')
INSERT INTO [dbo].[Month] ([Id], [Month], [Name], [Inactive], [CreatedBy], [CreatedDate], [LastModifiedBy], [LastModifiedDate]) VALUES (N'354D11BF-04DD-4486-A9FD-275A7F9A8286', 9, N'September', 0, N'Database Initializer', N'2013-07-05 12:10:20', N'Database Initializer', N'2013-07-05 12:45:23')
INSERT INTO [dbo].[Month] ([Id], [Month], [Name], [Inactive], [CreatedBy], [CreatedDate], [LastModifiedBy], [LastModifiedDate]) VALUES (N'F92F2C7A-5AE0-469B-B285-3E71F0952C92', 10, N'October', 0, N'Database Initializer', N'2013-07-05 12:10:20', N'Database Initializer', N'2013-07-05 12:45:23')
INSERT INTO [dbo].[Month] ([Id], [Month], [Name], [Inactive], [CreatedBy], [CreatedDate], [LastModifiedBy], [LastModifiedDate]) VALUES (N'8D816151-D735-4044-AB98-944B0ABB6B38', 11, N'November', 0, N'Database Initializer', N'2013-07-05 12:10:20', N'Database Initializer', N'2013-07-05 12:45:23')
INSERT INTO [dbo].[Month] ([Id], [Month], [Name], [Inactive], [CreatedBy], [CreatedDate], [LastModifiedBy], [LastModifiedDate]) VALUES (N'D759B8C2-D036-4E4E-ABBC-09E98793AECC', 12, N'December', 0, N'Database Initializer', N'2013-07-05 12:10:20', N'Database Initializer', N'2013-07-05 12:45:23')


INSERT Year(Id,Year,Inactive,CreatedBy,CreatedDate,LastModifiedBy,LastModifiedDate)       VALUES('6654EB8D-AE28-4F7A-BCA6-90009A58E485','2033','0','Database Initializer',convert(datetime,'Jul 25 2013 11:37AM'),'Database Initializer',convert(datetime,'Jul 25 2013 11:37AM'))
INSERT Year(Id,Year,Inactive,CreatedBy,CreatedDate,LastModifiedBy,LastModifiedDate)       VALUES('6654EB8D-AE28-4F7A-BCA6-91119A58E485','2034','0','Database Initializer',convert(datetime,'Jul 25 2013 11:37AM'),'Database Initializer',convert(datetime,'Jul 25 2013 11:37AM'))
INSERT Year(Id,Year,Inactive,CreatedBy,CreatedDate,LastModifiedBy,LastModifiedDate)       VALUES('6654EB8D-AE28-4F7A-BCA6-92229A58E485','2035','0','Database Initializer',convert(datetime,'Jul 25 2013 11:37AM'),'Database Initializer',convert(datetime,'Jul 25 2013 11:37AM'))
INSERT Year(Id,Year,Inactive,CreatedBy,CreatedDate,LastModifiedBy,LastModifiedDate)       VALUES('6654EB8D-AE28-4F7A-BCA6-93339A58E485','2036','0','Database Initializer',convert(datetime,'Jul 25 2013 11:37AM'),'Database Initializer',convert(datetime,'Jul 25 2013 11:37AM'))
INSERT Year(Id,Year,Inactive,CreatedBy,CreatedDate,LastModifiedBy,LastModifiedDate)       VALUES('6654EB8D-AE28-4F7A-BCA6-94449A58E485','2037','0','Database Initializer',convert(datetime,'Jul 25 2013 11:37AM'),'Database Initializer',convert(datetime,'Jul 25 2013 11:37AM'))
INSERT Year(Id,Year,Inactive,CreatedBy,CreatedDate,LastModifiedBy,LastModifiedDate)       VALUES('6654EB8D-AE28-4F7A-BCA6-95559A58E485','2038','0','Database Initializer',convert(datetime,'Jul 25 2013 11:37AM'),'Database Initializer',convert(datetime,'Jul 25 2013 11:37AM'))
INSERT Year(Id,Year,Inactive,CreatedBy,CreatedDate,LastModifiedBy,LastModifiedDate)       VALUES('6654EB8D-AE28-4F7A-BCA6-96669A58E485','2039','0','Database Initializer',convert(datetime,'Jul 25 2013 11:37AM'),'Database Initializer',convert(datetime,'Jul 25 2013 11:37AM'))
INSERT Year(Id,Year,Inactive,CreatedBy,CreatedDate,LastModifiedBy,LastModifiedDate)       VALUES('6654EB8D-AE28-4F7A-BCA6-97779A58E485','2040','0','Database Initializer',convert(datetime,'Jul 25 2013 11:37AM'),'Database Initializer',convert(datetime,'Jul 25 2013 11:37AM'))
INSERT Year(Id,Year,Inactive,CreatedBy,CreatedDate,LastModifiedBy,LastModifiedDate)       VALUES('6654EB8D-AE28-4F7A-BCA6-98889A58E485','2041','0','Database Initializer',convert(datetime,'Jul 25 2013 11:37AM'),'Database Initializer',convert(datetime,'Jul 25 2013 11:37AM'))
INSERT Year(Id,Year,Inactive,CreatedBy,CreatedDate,LastModifiedBy,LastModifiedDate)       VALUES('6654EB8D-AE28-4F7A-BCA6-98B99111E485','2043','0','Database Initializer',convert(datetime,'Jul 25 2013 11:37AM'),'Database Initializer',convert(datetime,'Jul 25 2013 11:37AM'))
INSERT Year(Id,Year,Inactive,CreatedBy,CreatedDate,LastModifiedBy,LastModifiedDate)       VALUES('6654EB8D-AE28-4F7A-BCA6-98B99222E485','2044','0','Database Initializer',convert(datetime,'Jul 25 2013 11:37AM'),'Database Initializer',convert(datetime,'Jul 25 2013 11:37AM'))
INSERT Year(Id,Year,Inactive,CreatedBy,CreatedDate,LastModifiedBy,LastModifiedDate)       VALUES('6654EB8D-AE28-4F7A-BCA6-98B99333E485','2045','0','Database Initializer',convert(datetime,'Jul 25 2013 11:37AM'),'Database Initializer',convert(datetime,'Jul 25 2013 11:37AM'))
INSERT Year(Id,Year,Inactive,CreatedBy,CreatedDate,LastModifiedBy,LastModifiedDate)       VALUES('6654EB8D-AE28-4F7A-BCA6-98B99444E485','2046','0','Database Initializer',convert(datetime,'Jul 25 2013 11:37AM'),'Database Initializer',convert(datetime,'Jul 25 2013 11:37AM'))
INSERT Year(Id,Year,Inactive,CreatedBy,CreatedDate,LastModifiedBy,LastModifiedDate)       VALUES('6654EB8D-AE28-4F7A-BCA6-98B99555E485','2047','0','Database Initializer',convert(datetime,'Jul 25 2013 11:37AM'),'Database Initializer',convert(datetime,'Jul 25 2013 11:37AM'))
INSERT Year(Id,Year,Inactive,CreatedBy,CreatedDate,LastModifiedBy,LastModifiedDate)       VALUES('6654EB8D-AE28-4F7A-BCA6-98B99666E485','2048','0','Database Initializer',convert(datetime,'Jul 25 2013 11:37AM'),'Database Initializer',convert(datetime,'Jul 25 2013 11:37AM'))
INSERT Year(Id,Year,Inactive,CreatedBy,CreatedDate,LastModifiedBy,LastModifiedDate)       VALUES('6654EB8D-AE28-4F7A-BCA6-98B99777E485','2049','0','Database Initializer',convert(datetime,'Jul 25 2013 11:37AM'),'Database Initializer',convert(datetime,'Jul 25 2013 11:37AM'))
INSERT Year(Id,Year,Inactive,CreatedBy,CreatedDate,LastModifiedBy,LastModifiedDate)       VALUES('6654EB8D-AE28-4F7A-BCA6-98B99888E485','2050','0','Database Initializer',convert(datetime,'Jul 25 2013 11:37AM'),'Database Initializer',convert(datetime,'Jul 25 2013 11:37AM'))
INSERT Year(Id,Year,Inactive,CreatedBy,CreatedDate,LastModifiedBy,LastModifiedDate)       VALUES('6654EB8D-AE28-4F7A-BCA6-98B99999E485','2051','0','Database Initializer',convert(datetime,'Jul 25 2013 11:37AM'),'Database Initializer',convert(datetime,'Jul 25 2013 11:37AM'))
INSERT Year(Id,Year,Inactive,CreatedBy,CreatedDate,LastModifiedBy,LastModifiedDate)       VALUES('6654EB8D-AE28-4F7A-BCA6-98B99A58E400','2012','0','Database Initializer',convert(datetime,'Jul 25 2013 11:37AM'),'Database Initializer',convert(datetime,'Jul 25 2013 11:37AM'))
INSERT Year(Id,Year,Inactive,CreatedBy,CreatedDate,LastModifiedBy,LastModifiedDate)       VALUES('6654EB8D-AE28-4F7A-BCA6-98B99A58E401','2013','0','Database Initializer',convert(datetime,'Jul 25 2013 11:37AM'),'Database Initializer',convert(datetime,'Jul 25 2013 11:37AM'))
INSERT Year(Id,Year,Inactive,CreatedBy,CreatedDate,LastModifiedBy,LastModifiedDate)       VALUES('6654EB8D-AE28-4F7A-BCA6-98B99A58E402','2014','0','Database Initializer',convert(datetime,'Jul 25 2013 11:37AM'),'Database Initializer',convert(datetime,'Jul 25 2013 11:37AM'))
INSERT Year(Id,Year,Inactive,CreatedBy,CreatedDate,LastModifiedBy,LastModifiedDate)       VALUES('6654EB8D-AE28-4F7A-BCA6-98B99A58E403','2015','0','Database Initializer',convert(datetime,'Jul 25 2013 11:37AM'),'Database Initializer',convert(datetime,'Jul 25 2013 11:37AM'))
INSERT Year(Id,Year,Inactive,CreatedBy,CreatedDate,LastModifiedBy,LastModifiedDate)       VALUES('6654EB8D-AE28-4F7A-BCA6-98B99A58E404','2016','0','Database Initializer',convert(datetime,'Jul 25 2013 11:37AM'),'Database Initializer',convert(datetime,'Jul 25 2013 11:37AM'))
INSERT Year(Id,Year,Inactive,CreatedBy,CreatedDate,LastModifiedBy,LastModifiedDate)       VALUES('6654EB8D-AE28-4F7A-B333-98B99A58E485','2028','0','Database Initializer',convert(datetime,'Jul 25 2013 11:38AM'),'Database Initializer',convert(datetime,'Jul 25 2013 11:38AM'))
INSERT Year(Id,Year,Inactive,CreatedBy,CreatedDate,LastModifiedBy,LastModifiedDate)       VALUES('6654EB8D-AE28-4F7A-B444-98B99A58E485','2029','0','Database Initializer',convert(datetime,'Jul 25 2013 11:38AM'),'Database Initializer',convert(datetime,'Jul 25 2013 11:38AM'))
INSERT Year(Id,Year,Inactive,CreatedBy,CreatedDate,LastModifiedBy,LastModifiedDate)       VALUES('6654EB8D-AE28-4F7A-B555-98B99A58E485','2030','0','Database Initializer',convert(datetime,'Jul 25 2013 11:38AM'),'Database Initializer',convert(datetime,'Jul 25 2013 11:38AM'))
INSERT Year(Id,Year,Inactive,CreatedBy,CreatedDate,LastModifiedBy,LastModifiedDate)       VALUES('6654EB8D-AE28-4F7A-B666-98B99A58E485','2031','0','Database Initializer',convert(datetime,'Jul 25 2013 11:38AM'),'Database Initializer',convert(datetime,'Jul 25 2013 11:38AM'))
INSERT Year(Id,Year,Inactive,CreatedBy,CreatedDate,LastModifiedBy,LastModifiedDate)       VALUES('6654EB8D-AE28-4F7A-B777-98B99A58E485','2032','0','Database Initializer',convert(datetime,'Jul 25 2013 11:38AM'),'Database Initializer',convert(datetime,'Jul 25 2013 11:38AM'))
INSERT Year(Id,Year,Inactive,CreatedBy,CreatedDate,LastModifiedBy,LastModifiedDate)       VALUES('6654EB8D-0000-4F7A-BCA6-98B99A58E485','2052','0','Database Initializer',convert(datetime,'Jul 25 2013 11:37AM'),'Database Initializer',convert(datetime,'Jul 25 2013 11:37AM'))
INSERT Year(Id,Year,Inactive,CreatedBy,CreatedDate,LastModifiedBy,LastModifiedDate)       VALUES('6654EB8D-AE00-4F7A-BCA6-98B99A58E485','2017','0','Database Initializer',convert(datetime,'Jul 25 2013 11:37AM'),'Database Initializer',convert(datetime,'Jul 25 2013 11:37AM'))
INSERT Year(Id,Year,Inactive,CreatedBy,CreatedDate,LastModifiedBy,LastModifiedDate)       VALUES('6654EB8D-AE01-4F7A-BCA6-98B99A58E485','2018','0','Database Initializer',convert(datetime,'Jul 25 2013 11:37AM'),'Database Initializer',convert(datetime,'Jul 25 2013 11:37AM'))
INSERT Year(Id,Year,Inactive,CreatedBy,CreatedDate,LastModifiedBy,LastModifiedDate)       VALUES('6654EB8D-AE02-4F7A-BCA6-98B99A58E485','2019','0','Database Initializer',convert(datetime,'Jul 25 2013 11:37AM'),'Database Initializer',convert(datetime,'Jul 25 2013 11:37AM'))
INSERT Year(Id,Year,Inactive,CreatedBy,CreatedDate,LastModifiedBy,LastModifiedDate)       VALUES('6654EB8D-AE03-4F7A-BCA6-98B99A58E485','2020','0','Database Initializer',convert(datetime,'Jul 25 2013 11:37AM'),'Database Initializer',convert(datetime,'Jul 25 2013 11:37AM'))
INSERT Year(Id,Year,Inactive,CreatedBy,CreatedDate,LastModifiedBy,LastModifiedDate)       VALUES('6654EB8D-AE04-4F7A-BCA6-98B99A58E485','2021','0','Database Initializer',convert(datetime,'Jul 25 2013 11:37AM'),'Database Initializer',convert(datetime,'Jul 25 2013 11:37AM'))
INSERT Year(Id,Year,Inactive,CreatedBy,CreatedDate,LastModifiedBy,LastModifiedDate)       VALUES('6654EB8D-AE05-4F7A-BCA6-98B99A58E485','2022','0','Database Initializer',convert(datetime,'Jul 25 2013 11:37AM'),'Database Initializer',convert(datetime,'Jul 25 2013 11:37AM'))
INSERT Year(Id,Year,Inactive,CreatedBy,CreatedDate,LastModifiedBy,LastModifiedDate)       VALUES('6654EB8D-AE06-4F7A-BCA6-98B99A58E485','2023','0','Database Initializer',convert(datetime,'Jul 25 2013 11:37AM'),'Database Initializer',convert(datetime,'Jul 25 2013 11:37AM'))
INSERT Year(Id,Year,Inactive,CreatedBy,CreatedDate,LastModifiedBy,LastModifiedDate)       VALUES('6654EB8D-AE07-4F7A-BCA6-98B99A58E485','2024','0','Database Initializer',convert(datetime,'Jul 25 2013 11:37AM'),'Database Initializer',convert(datetime,'Jul 25 2013 11:37AM'))
INSERT Year(Id,Year,Inactive,CreatedBy,CreatedDate,LastModifiedBy,LastModifiedDate)       VALUES('6654EB8D-AE08-4F7A-BCA6-98B99A58E485','2025','0','Database Initializer',convert(datetime,'Jul 25 2013 11:37AM'),'Database Initializer',convert(datetime,'Jul 25 2013 11:37AM'))
INSERT Year(Id,Year,Inactive,CreatedBy,CreatedDate,LastModifiedBy,LastModifiedDate)       VALUES('6654EB8D-AE09-4F7A-BCA6-98B99A58E485','2026','0','Database Initializer',convert(datetime,'Jul 25 2013 11:37AM'),'Database Initializer',convert(datetime,'Jul 25 2013 11:37AM'))
INSERT Year(Id,Year,Inactive,CreatedBy,CreatedDate,LastModifiedBy,LastModifiedDate)       VALUES('6654EB8D-1111-4F7A-BCA6-98B99A58E485','2053','0','Database Initializer',convert(datetime,'Jul 25 2013 11:37AM'),'Database Initializer',convert(datetime,'Jul 25 2013 11:37AM'))
INSERT Year(Id,Year,Inactive,CreatedBy,CreatedDate,LastModifiedBy,LastModifiedDate)       VALUES('6654EB8D-2222-4F7A-BCA6-98B99A58E485','2054','0','Database Initializer',convert(datetime,'Jul 25 2013 11:37AM'),'Database Initializer',convert(datetime,'Jul 25 2013 11:37AM'))
INSERT Year(Id,Year,Inactive,CreatedBy,CreatedDate,LastModifiedBy,LastModifiedDate)       VALUES('6654EB8D-AE28-4F7A-BCA6-98B99A58E485','2011','0','Database Initializer',convert(datetime,'Jul 25 2013 11:37AM'),'Database Initializer',convert(datetime,'Jul 25 2013 11:37AM'))
INSERT Year(Id,Year,Inactive,CreatedBy,CreatedDate,LastModifiedBy,LastModifiedDate)       VALUES('6654EB8D-3333-4F7A-BCA6-98B99A58E485','2055','0','Database Initializer',convert(datetime,'Jul 25 2013 11:37AM'),'Database Initializer',convert(datetime,'Jul 25 2013 11:37AM'))
INSERT Year(Id,Year,Inactive,CreatedBy,CreatedDate,LastModifiedBy,LastModifiedDate)       VALUES('6654EB8D-4444-4F7A-BCA6-98B99A58E485','2056','0','Database Initializer',convert(datetime,'Jul 25 2013 11:37AM'),'Database Initializer',convert(datetime,'Jul 25 2013 11:37AM'))
INSERT Year(Id,Year,Inactive,CreatedBy,CreatedDate,LastModifiedBy,LastModifiedDate)       VALUES('6654EB8D-5555-4F7A-BCA6-98B99A58E485','2057','0','Database Initializer',convert(datetime,'Jul 25 2013 11:37AM'),'Database Initializer',convert(datetime,'Jul 25 2013 11:37AM'))
INSERT Year(Id,Year,Inactive,CreatedBy,CreatedDate,LastModifiedBy,LastModifiedDate)       VALUES('6654EB8D-6666-4F7A-BCA6-98B99A58E485','2058','0','Database Initializer',convert(datetime,'Jul 25 2013 11:37AM'),'Database Initializer',convert(datetime,'Jul 25 2013 11:37AM'))
INSERT Year(Id,Year,Inactive,CreatedBy,CreatedDate,LastModifiedBy,LastModifiedDate)       VALUES('6654EB8D-7777-4F7A-BCA6-98B99A58E485','2059','0','Database Initializer',convert(datetime,'Jul 25 2013 11:37AM'),'Database Initializer',convert(datetime,'Jul 25 2013 11:37AM'))
INSERT Year(Id,Year,Inactive,CreatedBy,CreatedDate,LastModifiedBy,LastModifiedDate)       VALUES('6654EB8D-8888-4F7A-BCA6-98B99A58E485','2060','0','Database Initializer',convert(datetime,'Jul 25 2013 11:37AM'),'Database Initializer',convert(datetime,'Jul 25 2013 11:37AM'))
INSERT Year(Id,Year,Inactive,CreatedBy,CreatedDate,LastModifiedBy,LastModifiedDate)       VALUES('6654EB8D-9999-4F7A-BCA6-98B99A58E485','2061','0','Database Initializer',convert(datetime,'Jul 25 2013 11:37AM'),'Database Initializer',convert(datetime,'Jul 25 2013 11:37AM'))
INSERT Year(Id,Year,Inactive,CreatedBy,CreatedDate,LastModifiedBy,LastModifiedDate)       VALUES('6654EB8D-AAAA-4F7A-BCA6-98B99A58E485','2062','0','Database Initializer',convert(datetime,'Jul 25 2013 11:37AM'),'Database Initializer',convert(datetime,'Jul 25 2013 11:37AM'))
INSERT Year(Id,Year,Inactive,CreatedBy,CreatedDate,LastModifiedBy,LastModifiedDate)       VALUES('6654EB8D-BBBB-4F7A-BCA6-98B99A58E485','2063','0','Database Initializer',convert(datetime,'Jul 25 2013 11:37AM'),'Database Initializer',convert(datetime,'Jul 25 2013 11:37AM'))
INSERT Year(Id,Year,Inactive,CreatedBy,CreatedDate,LastModifiedBy,LastModifiedDate)       VALUES('6654EB8D-CCCC-4F7A-BCA6-98B99A58E485','2064','0','Database Initializer',convert(datetime,'Jul 25 2013 11:37AM'),'Database Initializer',convert(datetime,'Jul 25 2013 11:37AM'))
INSERT Year(Id,Year,Inactive,CreatedBy,CreatedDate,LastModifiedBy,LastModifiedDate)       VALUES('6654EB8D-AE28-4F7A-BCA6-99999A58E485','2042','0','Database Initializer',convert(datetime,'Jul 25 2013 11:37AM'),'Database Initializer',convert(datetime,'Jul 25 2013 11:37AM'))



SET IDENTITY_INSERT [dbo].[UtilityLegacy] ON
INSERT INTO [dbo].[UtilityLegacy] ([ID], [UtilityCode], [FullName], [ShortName], [MarketID], [DunsNumber], [EntityId], [EnrollmentLeadDays], [BillingType], [AccountLength], [AccountNumberPrefix], [LeadScreenProcess], [DealScreenProcess], [PorOption], [Field01Label], [Field01Type], [Field02Label], [Field02Type], [Field03Label], [Field03Type], [Field04Label], [Field04Type], [Field05Label], [Field05Type], [Field06Label], [Field06Type], [Field07Label], [Field07Type], [Field08Label], [Field08Type], [Field09Label], [Field09Type], [Field10Label], [Field10Type], [DateCreated], [UserName], [InactiveInd], [ActiveDate], [ChgStamp], [MeterNumberRequired], [MeterNumberLength], [AnnualUsageMin], [Qualifier], [EdiCapable], [WholeSaleMktID], [Phone], [RateCodeRequired], [HasZones], [ZoneDefault], [Field11Label], [Field11Type], [Field12Label], [Field12Type], [Field13Label], [Field13Type], [Field14Label], [Field14Type], [Field15Label], [Field15Type], [RateCodeFormat], [RateCodeFields], [LegacyName], [SSNIsRequired], [PricingModeID], [isIDR_EDI_Capable], [HU_RequestType], [MultipleMeters], [MeterReadOverlap], [AutoApproval], [DeliveryLocationRefID], [DefaultProfileRefID], [SettlementLocationRefID]) VALUES (1, N'AEPCE', N'AEP TEXAS CENTRAL (CORPUS CHRISTI AREA)', N'AEP Central', 1, N'007924772', N'LPT', 3, N'SC', 17, N'1003278', N'NONE', N'CREDIT CHECK', N'NO', N'', N'', N'', N'', N'', N'', N'', N'NONE', N'', N'', N'', N'NONE', N'', N'', N'', N'', N'', N'', N'', N'VALUE', N'2006-04-04 00:00:00', N'LIBERTYPOWER\sscott                                                                                                                                                                                     ', N'0', N'2006-04-04 00:00:00', 0, 0, 0, 0, N'', 0, N'ERCOT', N'1-877-373-4858', 0, 0, 11, N'', N'', N'Carrier Ratecode', NULL, N'SIC', NULL, N'Accuracy %', NULL, N'DUNS Number', NULL, N'0', N'0', N'AEP TEXAS CENTRAL COMPANY', 1, 2, NULL, N'NONE      ', 0, 0, NULL, NULL, NULL, NULL)
INSERT INTO [dbo].[UtilityLegacy] ([ID], [UtilityCode], [FullName], [ShortName], [MarketID], [DunsNumber], [EntityId], [EnrollmentLeadDays], [BillingType], [AccountLength], [AccountNumberPrefix], [LeadScreenProcess], [DealScreenProcess], [PorOption], [Field01Label], [Field01Type], [Field02Label], [Field02Type], [Field03Label], [Field03Type], [Field04Label], [Field04Type], [Field05Label], [Field05Type], [Field06Label], [Field06Type], [Field07Label], [Field07Type], [Field08Label], [Field08Type], [Field09Label], [Field09Type], [Field10Label], [Field10Type], [DateCreated], [UserName], [InactiveInd], [ActiveDate], [ChgStamp], [MeterNumberRequired], [MeterNumberLength], [AnnualUsageMin], [Qualifier], [EdiCapable], [WholeSaleMktID], [Phone], [RateCodeRequired], [HasZones], [ZoneDefault], [Field11Label], [Field11Type], [Field12Label], [Field12Type], [Field13Label], [Field13Type], [Field14Label], [Field14Type], [Field15Label], [Field15Type], [RateCodeFormat], [RateCodeFields], [LegacyName], [SSNIsRequired], [PricingModeID], [isIDR_EDI_Capable], [HU_RequestType], [MultipleMeters], [MeterReadOverlap], [AutoApproval], [DeliveryLocationRefID], [DefaultProfileRefID], [SettlementLocationRefID]) VALUES (2, N'AEPNO', N'AEP Texas North (Abilene Area)', N'AEP North', 1, N'007923311', N'LPT', 3, N'SC', 17, N'1020404', N'NONE', N'CREDIT CHECK', N'NO', N'', N'', N'', N'', N'', N'', N'', N'NONE', N'', N'', N'', N'NONE', N'', N'', N'', N'', N'', N'', N'', N'VALUE', N'2006-04-04 00:00:00', N'libertypower\e3hernandez                                                                                                                                                                                ', N'0', N'2006-04-04 00:00:00', 9, 0, 0, 0, N'', 0, N'ERCOT', N'1-877-373-4858', 0, 1, 9, N'', N'', N'Carrier Ratecode', NULL, N'SIC', NULL, N'Accuracy %', NULL, N'DUNS Number', NULL, N'0', N'0', N'AEP TEXAS NORTH', 1, 2, NULL, N'NONE      ', 0, 1, NULL, NULL, NULL, NULL)
INSERT INTO [dbo].[UtilityLegacy] ([ID], [UtilityCode], [FullName], [ShortName], [MarketID], [DunsNumber], [EntityId], [EnrollmentLeadDays], [BillingType], [AccountLength], [AccountNumberPrefix], [LeadScreenProcess], [DealScreenProcess], [PorOption], [Field01Label], [Field01Type], [Field02Label], [Field02Type], [Field03Label], [Field03Type], [Field04Label], [Field04Type], [Field05Label], [Field05Type], [Field06Label], [Field06Type], [Field07Label], [Field07Type], [Field08Label], [Field08Type], [Field09Label], [Field09Type], [Field10Label], [Field10Type], [DateCreated], [UserName], [InactiveInd], [ActiveDate], [ChgStamp], [MeterNumberRequired], [MeterNumberLength], [AnnualUsageMin], [Qualifier], [EdiCapable], [WholeSaleMktID], [Phone], [RateCodeRequired], [HasZones], [ZoneDefault], [Field11Label], [Field11Type], [Field12Label], [Field12Type], [Field13Label], [Field13Type], [Field14Label], [Field14Type], [Field15Label], [Field15Type], [RateCodeFormat], [RateCodeFields], [LegacyName], [SSNIsRequired], [PricingModeID], [isIDR_EDI_Capable], [HU_RequestType], [MultipleMeters], [MeterReadOverlap], [AutoApproval], [DeliveryLocationRefID], [DefaultProfileRefID], [SettlementLocationRefID]) VALUES (3, N'CTPEN', N'Centerpoint Energy (Houston Area)', N'Centerpoint', 1, N'957877905', N'LPT', 3, N'SC', 22, N'1008901', N'NONE', N'CREDIT CHECK', N'NO', N'', N'', N'', N'', N'', N'', N'', N'NONE', N'', N'', N'', N'NONE', N'', N'', N'', N'', N'', N'', N'', N'VALUE', N'2006-04-04 00:00:00', N'libertypower\e3hernandez                                                                                                                                                                                ', N'0', N'2006-04-04 00:00:00', 9, 0, 0, 0, N'', 0, N'ERCOT', N'1-800-332-7143', 0, 1, 71, N'', N'', N'Carrier Ratecode', NULL, N'SIC', NULL, N'Accuracy %', NULL, N'DUNS Number', NULL, N'0', N'0', N'CENTERPOINT ENERGY HOUSTON ELECTRIC LLC', 1, 2, NULL, N'NONE      ', 0, 1, NULL, NULL, NULL, NULL)
INSERT INTO [dbo].[UtilityLegacy] ([ID], [UtilityCode], [FullName], [ShortName], [MarketID], [DunsNumber], [EntityId], [EnrollmentLeadDays], [BillingType], [AccountLength], [AccountNumberPrefix], [LeadScreenProcess], [DealScreenProcess], [PorOption], [Field01Label], [Field01Type], [Field02Label], [Field02Type], [Field03Label], [Field03Type], [Field04Label], [Field04Type], [Field05Label], [Field05Type], [Field06Label], [Field06Type], [Field07Label], [Field07Type], [Field08Label], [Field08Type], [Field09Label], [Field09Type], [Field10Label], [Field10Type], [DateCreated], [UserName], [InactiveInd], [ActiveDate], [ChgStamp], [MeterNumberRequired], [MeterNumberLength], [AnnualUsageMin], [Qualifier], [EdiCapable], [WholeSaleMktID], [Phone], [RateCodeRequired], [HasZones], [ZoneDefault], [Field11Label], [Field11Type], [Field12Label], [Field12Type], [Field13Label], [Field13Type], [Field14Label], [Field14Type], [Field15Label], [Field15Type], [RateCodeFormat], [RateCodeFields], [LegacyName], [SSNIsRequired], [PricingModeID], [isIDR_EDI_Capable], [HU_RequestType], [MultipleMeters], [MeterReadOverlap], [AutoApproval], [DeliveryLocationRefID], [DefaultProfileRefID], [SettlementLocationRefID]) VALUES (4, N'TXNMP', N'TNMP (Texas New Mexico Power Area)', N'TNMP', 1, N'007929441', N'LPT', 3, N'SC', 17, N'10400', N'NONE', N'CREDIT CHECK', N'NO', N'', N'', N'', N'', N'', N'', N'', N'NONE', N'', N'', N'', N'NONE', N'', N'', N'', N'', N'', N'', N'', N'NONE', N'2006-08-29 11:12:33', N'LIBERTYPOWER\gmangaroo                                                                                                                                                                                  ', N'0', N'2006-08-29 11:12:33', 5, 0, 0, 0, N'', 0, N'ERCOT', N'1-888-866-7456', 0, 1, 72, N'', N'', N'Carrier Ratecode', NULL, N'SIC', NULL, N'Accuracy %', NULL, N'DUNS Number', NULL, N'0', N'0', N'TXNMP (TEXAS NEW MEXICO POWER)', 1, 2, NULL, N'NONE      ', 0, 1, NULL, NULL, NULL, NULL)
INSERT INTO [dbo].[UtilityLegacy] ([ID], [UtilityCode], [FullName], [ShortName], [MarketID], [DunsNumber], [EntityId], [EnrollmentLeadDays], [BillingType], [AccountLength], [AccountNumberPrefix], [LeadScreenProcess], [DealScreenProcess], [PorOption], [Field01Label], [Field01Type], [Field02Label], [Field02Type], [Field03Label], [Field03Type], [Field04Label], [Field04Type], [Field05Label], [Field05Type], [Field06Label], [Field06Type], [Field07Label], [Field07Type], [Field08Label], [Field08Type], [Field09Label], [Field09Type], [Field10Label], [Field10Type], [DateCreated], [UserName], [InactiveInd], [ActiveDate], [ChgStamp], [MeterNumberRequired], [MeterNumberLength], [AnnualUsageMin], [Qualifier], [EdiCapable], [WholeSaleMktID], [Phone], [RateCodeRequired], [HasZones], [ZoneDefault], [Field11Label], [Field11Type], [Field12Label], [Field12Type], [Field13Label], [Field13Type], [Field14Label], [Field14Type], [Field15Label], [Field15Type], [RateCodeFormat], [RateCodeFields], [LegacyName], [SSNIsRequired], [PricingModeID], [isIDR_EDI_Capable], [HU_RequestType], [MultipleMeters], [MeterReadOverlap], [AutoApproval], [DeliveryLocationRefID], [DefaultProfileRefID], [SettlementLocationRefID]) VALUES (5, N'ONCOR', N'ONCOR ELECTRIC DELIVERY', N'ONCOR', 1, N'1039940674000', N'LPT            ', 3, N'SC', 17, N'10', N'NONE', N'CREDIT CHECK', N'NO', N'NONE', N'NONE', N'NONE', N'NONE', N'NONE', N'NONE', N'NONE', N'NONE', N'NONE', N'NONE', N'NONE', N'NONE', N'NONE', N'NONE', N'NONE', N'NONE', N'NONE', N'NONE', N'NONE', N'NONE', N'2009-10-02 15:27:52', N'LIBERTYPOWER\atafur                                                                                                                                                                                     ', N'0', N'2009-10-02 15:27:52', 0, 0, 0, 0, N'', 0, N'ERCOT', N'1-888-313-4747', 0, 0, 79, N'NONE', N'NONE', N'NONE', N'NONE', N'NONE', N'NONE', N'NONE', N'NONE', N'NONE', N'NONE', N'0', N'0', N'ONCOR ELECTRIC DELIVERY', 1, 2, NULL, N'NONE      ', 0, 1, NULL, NULL, NULL, NULL)
INSERT INTO [dbo].[UtilityLegacy] ([ID], [UtilityCode], [FullName], [ShortName], [MarketID], [DunsNumber], [EntityId], [EnrollmentLeadDays], [BillingType], [AccountLength], [AccountNumberPrefix], [LeadScreenProcess], [DealScreenProcess], [PorOption], [Field01Label], [Field01Type], [Field02Label], [Field02Type], [Field03Label], [Field03Type], [Field04Label], [Field04Type], [Field05Label], [Field05Type], [Field06Label], [Field06Type], [Field07Label], [Field07Type], [Field08Label], [Field08Type], [Field09Label], [Field09Type], [Field10Label], [Field10Type], [DateCreated], [UserName], [InactiveInd], [ActiveDate], [ChgStamp], [MeterNumberRequired], [MeterNumberLength], [AnnualUsageMin], [Qualifier], [EdiCapable], [WholeSaleMktID], [Phone], [RateCodeRequired], [HasZones], [ZoneDefault], [Field11Label], [Field11Type], [Field12Label], [Field12Type], [Field13Label], [Field13Type], [Field14Label], [Field14Type], [Field15Label], [Field15Type], [RateCodeFormat], [RateCodeFields], [LegacyName], [SSNIsRequired], [PricingModeID], [isIDR_EDI_Capable], [HU_RequestType], [MultipleMeters], [MeterReadOverlap], [AutoApproval], [DeliveryLocationRefID], [DefaultProfileRefID], [SettlementLocationRefID]) VALUES (8, N'TXU-SESCO', N'Oncor Electric Delivery (SESCO)', N'Oncor-TXU SESCO', 1, N'1039940674000', N'LPT', 3, N'SC', 17, N'1017699000', N'NONE', N'CREDIT CHECK', N'NO', N'', N'', N'', N'', N'', N'', N'', N'NONE', N'', N'', N'', N'NONE', N'', N'', N'', N'', N'', N'', N'', N'NONE', N'2007-09-06 07:24:48', N'LIBERTYPOWER\gmangaroo                                                                                                                                                                                  ', N'1', N'2007-09-06 07:24:48', 2, 0, 0, 0, N'', 0, N'ERCOT', N'1-888-313-6862/1-800-242-9113', 0, 1, 70, N'', N'', N'Carrier Ratecode', NULL, N'SIC', NULL, N'Accuracy %', NULL, N'DUNS Number', NULL, N'0', N'0', N'TXU-SESCO ( TXU ELECTRIC DELIVERY SESCO)', 1, 3, NULL, N'NONE      ', 0, NULL, NULL, NULL, NULL, NULL)
INSERT INTO [dbo].[UtilityLegacy] ([ID], [UtilityCode], [FullName], [ShortName], [MarketID], [DunsNumber], [EntityId], [EnrollmentLeadDays], [BillingType], [AccountLength], [AccountNumberPrefix], [LeadScreenProcess], [DealScreenProcess], [PorOption], [Field01Label], [Field01Type], [Field02Label], [Field02Type], [Field03Label], [Field03Type], [Field04Label], [Field04Type], [Field05Label], [Field05Type], [Field06Label], [Field06Type], [Field07Label], [Field07Type], [Field08Label], [Field08Type], [Field09Label], [Field09Type], [Field10Label], [Field10Type], [DateCreated], [UserName], [InactiveInd], [ActiveDate], [ChgStamp], [MeterNumberRequired], [MeterNumberLength], [AnnualUsageMin], [Qualifier], [EdiCapable], [WholeSaleMktID], [Phone], [RateCodeRequired], [HasZones], [ZoneDefault], [Field11Label], [Field11Type], [Field12Label], [Field12Type], [Field13Label], [Field13Type], [Field14Label], [Field14Type], [Field15Label], [Field15Type], [RateCodeFormat], [RateCodeFields], [LegacyName], [SSNIsRequired], [PricingModeID], [isIDR_EDI_Capable], [HU_RequestType], [MultipleMeters], [MeterReadOverlap], [AutoApproval], [DeliveryLocationRefID], [DefaultProfileRefID], [SettlementLocationRefID]) VALUES (9, N'ACE', N'ACE (ATLANTIC CITY ELECTRIC)', N'ACE (ATLANTIC CITY ELECTRIC)', 9, N'006971618NJ', N'LPH-P', 21, N'BR', 12, N'', N'NONE', N'CREDIT CHECK', N'YES', N'', N'', N'', N'', N'', N'', N'', N'NONE', N'', N'', N'', N'NONE', N'', N'', N'', N'', N'', N'', N'', N'NONE', N'2007-05-08 00:00:00', N'libertypower\mbarrant                                                                                                                                                                                   ', N'0', N'2007-05-08 00:00:00', 2, 0, 0, 0, N'', 1, N'PJM', N'1-800-833-7476', 0, 0, 20, N'', N'', N'Carrier Ratecode', NULL, N'SIC', NULL, N'Accuracy %', NULL, N'DUNS Number', NULL, N'0', N'0', N'ACE (ATLANTIC CITY ELECTRIC)', 1, 2, NULL, N'EDI       ', 0, 0, 1, NULL, NULL, NULL)
INSERT INTO [dbo].[UtilityLegacy] ([ID], [UtilityCode], [FullName], [ShortName], [MarketID], [DunsNumber], [EntityId], [EnrollmentLeadDays], [BillingType], [AccountLength], [AccountNumberPrefix], [LeadScreenProcess], [DealScreenProcess], [PorOption], [Field01Label], [Field01Type], [Field02Label], [Field02Type], [Field03Label], [Field03Type], [Field04Label], [Field04Type], [Field05Label], [Field05Type], [Field06Label], [Field06Type], [Field07Label], [Field07Type], [Field08Label], [Field08Type], [Field09Label], [Field09Type], [Field10Label], [Field10Type], [DateCreated], [UserName], [InactiveInd], [ActiveDate], [ChgStamp], [MeterNumberRequired], [MeterNumberLength], [AnnualUsageMin], [Qualifier], [EdiCapable], [WholeSaleMktID], [Phone], [RateCodeRequired], [HasZones], [ZoneDefault], [Field11Label], [Field11Type], [Field12Label], [Field12Type], [Field13Label], [Field13Type], [Field14Label], [Field14Type], [Field15Label], [Field15Type], [RateCodeFormat], [RateCodeFields], [LegacyName], [SSNIsRequired], [PricingModeID], [isIDR_EDI_Capable], [HU_RequestType], [MultipleMeters], [MeterReadOverlap], [AutoApproval], [DeliveryLocationRefID], [DefaultProfileRefID], [SettlementLocationRefID]) VALUES (10, N'ALLEGMD', N'POTOMAC EDISON (ALLEGHENY POWER)', N'POTOMAC EDISON (ALLEGHENY POWER)', 10, N'043381565EDC', N'LPH-MD', 13, N'DUAL', 20, N'', N'NONE', N'CREDIT CHECK', N'NO', N'', N'NONE', N'', N'NONE', N'', N'NONE', N'NONE', N'NONE', N'', N'NONE', N'NONE', N'NONE', N'', N'NONE', N'', N'NONE', N'', N'NONE', N'NONE', N'NONE', N'2006-10-24 12:14:02', N'LIBERTYPOWER\atafur                                                                                                                                                                                     ', N'0', N'2006-10-24 12:14:02', 0, 0, 0, 0, N'', 1, N'PJM', N'1-800-686-0011', 0, 0, 17, N'NONE', N'NONE', N'NONE', N'NONE', N'NONE', N'NONE', N'NONE', N'NONE', N'NONE', N'NONE', N'0', N'0', N'ALLEGMD (ALLEGHENY POWER)', 1, 3, NULL, N'EDI       ', 0, 1, NULL, NULL, NULL, NULL)
INSERT INTO [dbo].[UtilityLegacy] ([ID], [UtilityCode], [FullName], [ShortName], [MarketID], [DunsNumber], [EntityId], [EnrollmentLeadDays], [BillingType], [AccountLength], [AccountNumberPrefix], [LeadScreenProcess], [DealScreenProcess], [PorOption], [Field01Label], [Field01Type], [Field02Label], [Field02Type], [Field03Label], [Field03Type], [Field04Label], [Field04Type], [Field05Label], [Field05Type], [Field06Label], [Field06Type], [Field07Label], [Field07Type], [Field08Label], [Field08Type], [Field09Label], [Field09Type], [Field10Label], [Field10Type], [DateCreated], [UserName], [InactiveInd], [ActiveDate], [ChgStamp], [MeterNumberRequired], [MeterNumberLength], [AnnualUsageMin], [Qualifier], [EdiCapable], [WholeSaleMktID], [Phone], [RateCodeRequired], [HasZones], [ZoneDefault], [Field11Label], [Field11Type], [Field12Label], [Field12Type], [Field13Label], [Field13Type], [Field14Label], [Field14Type], [Field15Label], [Field15Type], [RateCodeFormat], [RateCodeFields], [LegacyName], [SSNIsRequired], [PricingModeID], [isIDR_EDI_Capable], [HU_RequestType], [MultipleMeters], [MeterReadOverlap], [AutoApproval], [DeliveryLocationRefID], [DefaultProfileRefID], [SettlementLocationRefID]) VALUES (11, N'AMEREN', N'AMEREN ELECTRIC', N'AMEREN ELECTRIC', 13, N'006936017', N'LPH', 12, N'BR', 10, N'', N'NONE', N'CREDIT CHECK', N'YES', N'', N'NONE', N'', N'NONE', N'', N'NONE', N'NONE', N'NONE', N'', N'NONE', N'NONE', N'NONE', N'', N'NONE', N'', N'NONE', N'', N'NONE', N'NONE', N'NONE', N'2007-10-30 08:14:56', N'libertypower\mbarrant                                                                                                                                                                                   ', N'0', N'2007-10-30 08:14:56', 6, 0, 8, 15000, N'', 1, N'MISO', N'800-755-5000', 0, 1, 21, N'NONE', N'NONE', N'NONE', N'NONE', N'NONE', N'NONE', N'NONE', N'NONE', N'NONE', N'NONE', N'0', N'0', N'AMEREN ELECTRIC', 1, 3, NULL, N'NONE      ', 1, 1, NULL, NULL, NULL, NULL)
INSERT INTO [dbo].[UtilityLegacy] ([ID], [UtilityCode], [FullName], [ShortName], [MarketID], [DunsNumber], [EntityId], [EnrollmentLeadDays], [BillingType], [AccountLength], [AccountNumberPrefix], [LeadScreenProcess], [DealScreenProcess], [PorOption], [Field01Label], [Field01Type], [Field02Label], [Field02Type], [Field03Label], [Field03Type], [Field04Label], [Field04Type], [Field05Label], [Field05Type], [Field06Label], [Field06Type], [Field07Label], [Field07Type], [Field08Label], [Field08Type], [Field09Label], [Field09Type], [Field10Label], [Field10Type], [DateCreated], [UserName], [InactiveInd], [ActiveDate], [ChgStamp], [MeterNumberRequired], [MeterNumberLength], [AnnualUsageMin], [Qualifier], [EdiCapable], [WholeSaleMktID], [Phone], [RateCodeRequired], [HasZones], [ZoneDefault], [Field11Label], [Field11Type], [Field12Label], [Field12Type], [Field13Label], [Field13Type], [Field14Label], [Field14Type], [Field15Label], [Field15Type], [RateCodeFormat], [RateCodeFields], [LegacyName], [SSNIsRequired], [PricingModeID], [isIDR_EDI_Capable], [HU_RequestType], [MultipleMeters], [MeterReadOverlap], [AutoApproval], [DeliveryLocationRefID], [DefaultProfileRefID], [SettlementLocationRefID]) VALUES (12, N'BANGOR', N'BANGOR-HYD (BANGOR HYDRO ELECTRIC CO.)', N'BANGOR-HYD (BANGOR HYDRO ELECTRIC CO.)', 5, N'006949002', N'LPHME          ', 2, N'DUAL', 16, N'0', N'NONE', N'CREDIT CHECK', N'NO', N'NONE', N'NONE', N'NONE', N'NONE', N'NONE', N'NONE', N'NONE', N'NONE', N'NONE', N'NONE', N'NONE', N'NONE', N'NONE', N'NONE', N'NONE', N'NONE', N'NONE', N'NONE', N'NONE', N'NONE', N'2008-08-07 09:30:16', N'LIBERTYPOWER\dmarino                                                                                                                                                                                    ', N'0', N'2008-08-07 09:30:16', 0, 0, 0, 0, N'', 1, N'NEISO', N'1-800-440-1111', 0, 0, 22, N'NONE', N'NONE', N'NONE', N'NONE', N'SIC', N'NONE', N'Accuracy %', N'NONE', N'NONE', N'NONE', N'0', N'0', N'BANGOR-HYD (BANGOR HYDRO ELECTRIC CO.)', 1, 2, NULL, N'EDI       ', 1, 1, NULL, NULL, NULL, NULL)
INSERT INTO [dbo].[UtilityLegacy] ([ID], [UtilityCode], [FullName], [ShortName], [MarketID], [DunsNumber], [EntityId], [EnrollmentLeadDays], [BillingType], [AccountLength], [AccountNumberPrefix], [LeadScreenProcess], [DealScreenProcess], [PorOption], [Field01Label], [Field01Type], [Field02Label], [Field02Type], [Field03Label], [Field03Type], [Field04Label], [Field04Type], [Field05Label], [Field05Type], [Field06Label], [Field06Type], [Field07Label], [Field07Type], [Field08Label], [Field08Type], [Field09Label], [Field09Type], [Field10Label], [Field10Type], [DateCreated], [UserName], [InactiveInd], [ActiveDate], [ChgStamp], [MeterNumberRequired], [MeterNumberLength], [AnnualUsageMin], [Qualifier], [EdiCapable], [WholeSaleMktID], [Phone], [RateCodeRequired], [HasZones], [ZoneDefault], [Field11Label], [Field11Type], [Field12Label], [Field12Type], [Field13Label], [Field13Type], [Field14Label], [Field14Type], [Field15Label], [Field15Type], [RateCodeFormat], [RateCodeFields], [LegacyName], [SSNIsRequired], [PricingModeID], [isIDR_EDI_Capable], [HU_RequestType], [MultipleMeters], [MeterReadOverlap], [AutoApproval], [DeliveryLocationRefID], [DefaultProfileRefID], [SettlementLocationRefID]) VALUES (13, N'BGE', N'BGE (BALTIMORE GAS AND ELECTRIC)', N'BGE (BALTIMORE GAS AND ELECTRIC)', 10, N'156171464', N'LPMD', 12, N'BR', 10, N'', N'NONE', N'CREDIT CHECK', N'YES', N'', N'', N'', N'', N'', N'', N'', N'VALUE', N'', N'', N'', N'NONE', N'', N'', N'', N'', N'', N'', N'', N'VALUE', N'2006-04-03 00:00:00', N'libertypower\mbarrant                                                                                                                                                                                   ', N'0', N'2006-04-03 00:00:00', 8, 0, 0, 0, N'', 1, N'PJM', N'1-877-778-2222', 0, 0, 23, N'', N'', N'Carrier Ratecode', NULL, N'SIC', NULL, N'Accuracy %', NULL, N'DUNS Number', NULL, N'0', N'0', N'BGE (BALTIMORE GAS AND ELECTRIC)', 1, 3, NULL, N'NONE      ', 0, 1, 1, NULL, NULL, NULL)
INSERT INTO [dbo].[UtilityLegacy] ([ID], [UtilityCode], [FullName], [ShortName], [MarketID], [DunsNumber], [EntityId], [EnrollmentLeadDays], [BillingType], [AccountLength], [AccountNumberPrefix], [LeadScreenProcess], [DealScreenProcess], [PorOption], [Field01Label], [Field01Type], [Field02Label], [Field02Type], [Field03Label], [Field03Type], [Field04Label], [Field04Type], [Field05Label], [Field05Type], [Field06Label], [Field06Type], [Field07Label], [Field07Type], [Field08Label], [Field08Type], [Field09Label], [Field09Type], [Field10Label], [Field10Type], [DateCreated], [UserName], [InactiveInd], [ActiveDate], [ChgStamp], [MeterNumberRequired], [MeterNumberLength], [AnnualUsageMin], [Qualifier], [EdiCapable], [WholeSaleMktID], [Phone], [RateCodeRequired], [HasZones], [ZoneDefault], [Field11Label], [Field11Type], [Field12Label], [Field12Type], [Field13Label], [Field13Type], [Field14Label], [Field14Type], [Field15Label], [Field15Type], [RateCodeFormat], [RateCodeFields], [LegacyName], [SSNIsRequired], [PricingModeID], [isIDR_EDI_Capable], [HU_RequestType], [MultipleMeters], [MeterReadOverlap], [AutoApproval], [DeliveryLocationRefID], [DefaultProfileRefID], [SettlementLocationRefID]) VALUES (14, N'CENHUD', N'CENHUD (CENTRAL HUDSON)', N'', 7, N'006993695', N'LPH', 15, N'RR', 10, N'', N'NONE', N'CREDIT CHECK', N'NO', N'NONE', N'NONE', N'NONE', N'NONE', N'NONE', N'NONE', N'NONE', N'NONE', N'NONE', N'NONE', N'NONE', N'NONE', N'NONE', N'NONE', N'NONE', N'NONE', N'NONE', N'NONE', N'NONE', N'NONE', N'2006-10-24 08:41:49', N'LIBERTYPOWER\atafur                                                                                                                                                                                     ', N'0', N'2006-10-24 08:41:49', 0, 0, 0, 0, N'', 1, N'NYISO', N'1-800 527-2714', 0, 0, 19, N'NONE', N'NONE', N'NONE', N'NONE', N'NONE', N'NONE', N'NONE', N'NONE', N'NONE', N'NONE', N'2', N'1', N'CENHUD (CENTRAL HUDSON)', 1, 3, NULL, N'EDI       ', 0, 1, NULL, NULL, NULL, NULL)
INSERT INTO [dbo].[UtilityLegacy] ([ID], [UtilityCode], [FullName], [ShortName], [MarketID], [DunsNumber], [EntityId], [EnrollmentLeadDays], [BillingType], [AccountLength], [AccountNumberPrefix], [LeadScreenProcess], [DealScreenProcess], [PorOption], [Field01Label], [Field01Type], [Field02Label], [Field02Type], [Field03Label], [Field03Type], [Field04Label], [Field04Type], [Field05Label], [Field05Type], [Field06Label], [Field06Type], [Field07Label], [Field07Type], [Field08Label], [Field08Type], [Field09Label], [Field09Type], [Field10Label], [Field10Type], [DateCreated], [UserName], [InactiveInd], [ActiveDate], [ChgStamp], [MeterNumberRequired], [MeterNumberLength], [AnnualUsageMin], [Qualifier], [EdiCapable], [WholeSaleMktID], [Phone], [RateCodeRequired], [HasZones], [ZoneDefault], [Field11Label], [Field11Type], [Field12Label], [Field12Type], [Field13Label], [Field13Type], [Field14Label], [Field14Type], [Field15Label], [Field15Type], [RateCodeFormat], [RateCodeFields], [LegacyName], [SSNIsRequired], [PricingModeID], [isIDR_EDI_Capable], [HU_RequestType], [MultipleMeters], [MeterReadOverlap], [AutoApproval], [DeliveryLocationRefID], [DefaultProfileRefID], [SettlementLocationRefID]) VALUES (15, N'CL&P', N'CL&P (CONNECTICUT LIGHT AND POWER)', N'CL&P (CONNECTICUT LIGHT AND POWER)', 3, N'006917090', N'LPH', 2, N'RR', 9, N'', N'NONE', N'CREDIT CHECK', N'YES', N'', N'', N'', N'', N'', N'', N'', N'NONE', N'', N'', N'', N'NONE', N'', N'', N'', N'', N'', N'', N'', N'NONE', N'2007-10-17 16:37:38', N'LIBERTYPOWER\gmangaroo                                                                                                                                                                                  ', N'0', N'2007-10-17 16:37:38', 1, 0, 0, 0, N'', 1, N'NEISO', N'1-800-286-2000', 1, 0, 29, N'', N'', N'Carrier Ratecode', NULL, N'SIC', NULL, N'Accuracy %', NULL, N'DUNS Number', NULL, N'4', N'1', N'CL&P (CONNECTICUT LIGHT AND POWER)', 1, 3, NULL, N'EDI       ', 1, 1, 1, NULL, NULL, NULL)
INSERT INTO [dbo].[UtilityLegacy] ([ID], [UtilityCode], [FullName], [ShortName], [MarketID], [DunsNumber], [EntityId], [EnrollmentLeadDays], [BillingType], [AccountLength], [AccountNumberPrefix], [LeadScreenProcess], [DealScreenProcess], [PorOption], [Field01Label], [Field01Type], [Field02Label], [Field02Type], [Field03Label], [Field03Type], [Field04Label], [Field04Type], [Field05Label], [Field05Type], [Field06Label], [Field06Type], [Field07Label], [Field07Type], [Field08Label], [Field08Type], [Field09Label], [Field09Type], [Field10Label], [Field10Type], [DateCreated], [UserName], [InactiveInd], [ActiveDate], [ChgStamp], [MeterNumberRequired], [MeterNumberLength], [AnnualUsageMin], [Qualifier], [EdiCapable], [WholeSaleMktID], [Phone], [RateCodeRequired], [HasZones], [ZoneDefault], [Field11Label], [Field11Type], [Field12Label], [Field12Type], [Field13Label], [Field13Type], [Field14Label], [Field14Type], [Field15Label], [Field15Type], [RateCodeFormat], [RateCodeFields], [LegacyName], [SSNIsRequired], [PricingModeID], [isIDR_EDI_Capable], [HU_RequestType], [MultipleMeters], [MeterReadOverlap], [AutoApproval], [DeliveryLocationRefID], [DefaultProfileRefID], [SettlementLocationRefID]) VALUES (16, N'CMP', N'CMP (CENTRAL MAINE POWER)', N'CMP (CENTRAL MAINE POWER)', 5, N'006948954', N'LPHME2', 3, N'DUAL', 14, N'0', N'NONE', N'CREDIT CHECK', N'NO', N'', N'', N'', N'', N'', N'', N'', N'NONE', N'', N'', N'', N'NONE', N'', N'', N'', N'', N'', N'', N'', N'NONE', N'2008-05-28 00:00:00', N'libertypower\mbarrant                                                                                                                                                                                   ', N'0', N'2008-05-28 00:00:00', 3, 0, 0, 0, N'', 1, N'NEISO', N'1-800-696-1000', 0, 0, 24, N'', N'', N'Carrier Ratecode', NULL, N'SIC', NULL, N'Accuracy %', NULL, N'DUNS Number', NULL, N'0', N'1', N'CMP (CENTRAL MAINE POWER)', 1, 2, NULL, N'EDI       ', 0, 1, NULL, NULL, NULL, NULL)
INSERT INTO [dbo].[UtilityLegacy] ([ID], [UtilityCode], [FullName], [ShortName], [MarketID], [DunsNumber], [EntityId], [EnrollmentLeadDays], [BillingType], [AccountLength], [AccountNumberPrefix], [LeadScreenProcess], [DealScreenProcess], [PorOption], [Field01Label], [Field01Type], [Field02Label], [Field02Type], [Field03Label], [Field03Type], [Field04Label], [Field04Type], [Field05Label], [Field05Type], [Field06Label], [Field06Type], [Field07Label], [Field07Type], [Field08Label], [Field08Type], [Field09Label], [Field09Type], [Field10Label], [Field10Type], [DateCreated], [UserName], [InactiveInd], [ActiveDate], [ChgStamp], [MeterNumberRequired], [MeterNumberLength], [AnnualUsageMin], [Qualifier], [EdiCapable], [WholeSaleMktID], [Phone], [RateCodeRequired], [HasZones], [ZoneDefault], [Field11Label], [Field11Type], [Field12Label], [Field12Type], [Field13Label], [Field13Type], [Field14Label], [Field14Type], [Field15Label], [Field15Type], [RateCodeFormat], [RateCodeFields], [LegacyName], [SSNIsRequired], [PricingModeID], [isIDR_EDI_Capable], [HU_RequestType], [MultipleMeters], [MeterReadOverlap], [AutoApproval], [DeliveryLocationRefID], [DefaultProfileRefID], [SettlementLocationRefID]) VALUES (17, N'COMED', N'COMED (COMMONWEALTH EDISON)', N'COMED (COMMONWEALTH EDISON)', 13, N'006929509', N'LPH', 7, N'BR', 10, N'', N'NONE', N'CREDIT CHECK', N'YES', N'', N'', N'', N'', N'', N'', N'', N'NONE', N'', N'', N'', N'NONE', N'', N'', N'', N'', N'', N'', N'', N'NONE', N'2007-05-08 00:00:00', N'LIBERTYPOWER\gmangaroo                                                                                                                                                                                  ', N'0', N'2007-05-08 00:00:00', 2, 0, 9, 15000, N'', 1, N'PJM', N'1-800-334-7661', 0, 0, 25, N'', N'', N'Carrier Ratecode', NULL, N'SIC', NULL, N'Accuracy %', NULL, N'DUNS Number', NULL, N'0', N'0', N'COMED (COMMONWEALTH EDISON)', 1, 2, NULL, N'NONE      ', 0, 1, NULL, NULL, NULL, NULL)
INSERT INTO [dbo].[UtilityLegacy] ([ID], [UtilityCode], [FullName], [ShortName], [MarketID], [DunsNumber], [EntityId], [EnrollmentLeadDays], [BillingType], [AccountLength], [AccountNumberPrefix], [LeadScreenProcess], [DealScreenProcess], [PorOption], [Field01Label], [Field01Type], [Field02Label], [Field02Type], [Field03Label], [Field03Type], [Field04Label], [Field04Type], [Field05Label], [Field05Type], [Field06Label], [Field06Type], [Field07Label], [Field07Type], [Field08Label], [Field08Type], [Field09Label], [Field09Type], [Field10Label], [Field10Type], [DateCreated], [UserName], [InactiveInd], [ActiveDate], [ChgStamp], [MeterNumberRequired], [MeterNumberLength], [AnnualUsageMin], [Qualifier], [EdiCapable], [WholeSaleMktID], [Phone], [RateCodeRequired], [HasZones], [ZoneDefault], [Field11Label], [Field11Type], [Field12Label], [Field12Type], [Field13Label], [Field13Type], [Field14Label], [Field14Type], [Field15Label], [Field15Type], [RateCodeFormat], [RateCodeFields], [LegacyName], [SSNIsRequired], [PricingModeID], [isIDR_EDI_Capable], [HU_RequestType], [MultipleMeters], [MeterReadOverlap], [AutoApproval], [DeliveryLocationRefID], [DefaultProfileRefID], [SettlementLocationRefID]) VALUES (18, N'CONED', N'CONED (CON EDISON COMPANY OF NEW YORK)', N'CONED (CON EDISON COMPANY OF NEW YORK)', 7, N'006982359', N'LPH', 15, N'RR', 15, N'', N'ZONE', N'PROFITABILITY', N'YES', N'', N'', N'', N'', N'', N'', N'', N'VALUE', N'', N'', N'', N'VALUE', N'', N'', N'', N'', N'', N'', N'', N'VALUE', N'2006-03-30 16:03:21', N'LIBERTYPOWER\aliberman                                                                                                                                                                                  ', N'0', N'2006-03-30 16:03:21', 10, 0, 0, 0, N'', 1, N'NYISO', N'1-800-752-6633', 0, 1, 3, N'', N'', N'Carrier Ratecode', NULL, N'SIC', NULL, N'Accuracy %', NULL, N'DUNS Number', NULL, N'0', N'0', N'CONED (CON EDISON COMPANY OF NEW YORK)', 1, 3, NULL, N'NONE      ', 0, 1, 1, NULL, NULL, NULL)
INSERT INTO [dbo].[UtilityLegacy] ([ID], [UtilityCode], [FullName], [ShortName], [MarketID], [DunsNumber], [EntityId], [EnrollmentLeadDays], [BillingType], [AccountLength], [AccountNumberPrefix], [LeadScreenProcess], [DealScreenProcess], [PorOption], [Field01Label], [Field01Type], [Field02Label], [Field02Type], [Field03Label], [Field03Type], [Field04Label], [Field04Type], [Field05Label], [Field05Type], [Field06Label], [Field06Type], [Field07Label], [Field07Type], [Field08Label], [Field08Type], [Field09Label], [Field09Type], [Field10Label], [Field10Type], [DateCreated], [UserName], [InactiveInd], [ActiveDate], [ChgStamp], [MeterNumberRequired], [MeterNumberLength], [AnnualUsageMin], [Qualifier], [EdiCapable], [WholeSaleMktID], [Phone], [RateCodeRequired], [HasZones], [ZoneDefault], [Field11Label], [Field11Type], [Field12Label], [Field12Type], [Field13Label], [Field13Type], [Field14Label], [Field14Type], [Field15Label], [Field15Type], [RateCodeFormat], [RateCodeFields], [LegacyName], [SSNIsRequired], [PricingModeID], [isIDR_EDI_Capable], [HU_RequestType], [MultipleMeters], [MeterReadOverlap], [AutoApproval], [DeliveryLocationRefID], [DefaultProfileRefID], [SettlementLocationRefID]) VALUES (19, N'DELDE', N'DELDE (DELMARVA POWER)', N'DELDE (DELMARVA POWER)', 12, N'006971618DE', N'LPH', 16, N'BR', 12, N'', N'NONE', N'CREDIT CHECK', N'NO', N'', N'', N'', N'', N'', N'', N'', N'NONE', N'', N'', N'', N'NONE', N'', N'', N'', N'', N'', N'', N'', N'NONE', N'2006-10-24 12:18:17', N'libertypower\mbarrant                                                                                                                                                                                   ', N'0', N'2006-10-24 12:18:17', 6, 0, 0, 0, N'', 1, N'PJM', N'1-800-375-7117', 0, 0, 39, N'', N'', N'Carrier Ratecode', NULL, N'SIC', NULL, N'Accuracy %', NULL, N'DUNS Number', NULL, N'0', N'0', N'DELDE (DELMARVA POWER)', 1, 2, NULL, N'EDI       ', 0, 1, NULL, NULL, NULL, NULL)
INSERT INTO [dbo].[UtilityLegacy] ([ID], [UtilityCode], [FullName], [ShortName], [MarketID], [DunsNumber], [EntityId], [EnrollmentLeadDays], [BillingType], [AccountLength], [AccountNumberPrefix], [LeadScreenProcess], [DealScreenProcess], [PorOption], [Field01Label], [Field01Type], [Field02Label], [Field02Type], [Field03Label], [Field03Type], [Field04Label], [Field04Type], [Field05Label], [Field05Type], [Field06Label], [Field06Type], [Field07Label], [Field07Type], [Field08Label], [Field08Type], [Field09Label], [Field09Type], [Field10Label], [Field10Type], [DateCreated], [UserName], [InactiveInd], [ActiveDate], [ChgStamp], [MeterNumberRequired], [MeterNumberLength], [AnnualUsageMin], [Qualifier], [EdiCapable], [WholeSaleMktID], [Phone], [RateCodeRequired], [HasZones], [ZoneDefault], [Field11Label], [Field11Type], [Field12Label], [Field12Type], [Field13Label], [Field13Type], [Field14Label], [Field14Type], [Field15Label], [Field15Type], [RateCodeFormat], [RateCodeFields], [LegacyName], [SSNIsRequired], [PricingModeID], [isIDR_EDI_Capable], [HU_RequestType], [MultipleMeters], [MeterReadOverlap], [AutoApproval], [DeliveryLocationRefID], [DefaultProfileRefID], [SettlementLocationRefID]) VALUES (20, N'DELMD', N'DELMD (DELMARVA POWER)', N'DELMD (DELMARVA POWER)', 10, N'006971618MD', N'LPMD', 13, N'BR', 12, N'', N'NONE', N'CREDIT CHECK', N'YES', N'', N'', N'', N'', N'', N'', N'', N'NONE', N'', N'', N'', N'NONE', N'', N'', N'', N'', N'', N'', N'', N'NONE', N'2006-10-24 12:18:17', N'libertypower\e3hernandez                                                                                                                                                                                ', N'0', N'2006-10-24 12:18:17', 6, 0, 0, 0, N'', 1, N'PJM', N'1-800-375-7117', 0, 0, 18, N'', N'', N'Carrier Ratecode', NULL, N'SIC', NULL, N'Accuracy %', NULL, N'DUNS Number', NULL, N'0', N'0', N'DELMD (DELMARVA POWER)', 1, 2, NULL, N'EDI       ', 0, 1, 1, NULL, NULL, NULL)
INSERT INTO [dbo].[UtilityLegacy] ([ID], [UtilityCode], [FullName], [ShortName], [MarketID], [DunsNumber], [EntityId], [EnrollmentLeadDays], [BillingType], [AccountLength], [AccountNumberPrefix], [LeadScreenProcess], [DealScreenProcess], [PorOption], [Field01Label], [Field01Type], [Field02Label], [Field02Type], [Field03Label], [Field03Type], [Field04Label], [Field04Type], [Field05Label], [Field05Type], [Field06Label], [Field06Type], [Field07Label], [Field07Type], [Field08Label], [Field08Type], [Field09Label], [Field09Type], [Field10Label], [Field10Type], [DateCreated], [UserName], [InactiveInd], [ActiveDate], [ChgStamp], [MeterNumberRequired], [MeterNumberLength], [AnnualUsageMin], [Qualifier], [EdiCapable], [WholeSaleMktID], [Phone], [RateCodeRequired], [HasZones], [ZoneDefault], [Field11Label], [Field11Type], [Field12Label], [Field12Type], [Field13Label], [Field13Type], [Field14Label], [Field14Type], [Field15Label], [Field15Type], [RateCodeFormat], [RateCodeFields], [LegacyName], [SSNIsRequired], [PricingModeID], [isIDR_EDI_Capable], [HU_RequestType], [MultipleMeters], [MeterReadOverlap], [AutoApproval], [DeliveryLocationRefID], [DefaultProfileRefID], [SettlementLocationRefID]) VALUES (21, N'DUQ', N'DUQ (DUQUESNE LIGHT AND POWER)', N'', 8, N'007915606', N'LPH', 12, N'DUAL', 13, N'', N'NONE', N'CREDIT CHECK', N'NO', N'', N'', N'', N'', N'', N'', N'', N'NONE', N'', N'', N'', N'NONE', N'', N'', N'', N'', N'', N'', N'', N'NONE', N'2009-07-24 17:25:41', N'LIBERTYPOWER\sclark                                                                                                                                                                                     ', N'0', N'2009-07-24 17:25:41', 0, 0, 0, 0, N'', 1, N'PJM', N'412-393-7100', 0, 0, 41, N'', N'', N'Carrier Ratecode', NULL, N'SIC', NULL, N'Accuracy %', NULL, N'DUNS Number', NULL, N'0', N'0', N'DUQ (DUQUESNE LIGHT AND POWER)', 1, 2, NULL, N'EDI       ', 0, 1, NULL, NULL, NULL, NULL)
INSERT INTO [dbo].[UtilityLegacy] ([ID], [UtilityCode], [FullName], [ShortName], [MarketID], [DunsNumber], [EntityId], [EnrollmentLeadDays], [BillingType], [AccountLength], [AccountNumberPrefix], [LeadScreenProcess], [DealScreenProcess], [PorOption], [Field01Label], [Field01Type], [Field02Label], [Field02Type], [Field03Label], [Field03Type], [Field04Label], [Field04Type], [Field05Label], [Field05Type], [Field06Label], [Field06Type], [Field07Label], [Field07Type], [Field08Label], [Field08Type], [Field09Label], [Field09Type], [Field10Label], [Field10Type], [DateCreated], [UserName], [InactiveInd], [ActiveDate], [ChgStamp], [MeterNumberRequired], [MeterNumberLength], [AnnualUsageMin], [Qualifier], [EdiCapable], [WholeSaleMktID], [Phone], [RateCodeRequired], [HasZones], [ZoneDefault], [Field11Label], [Field11Type], [Field12Label], [Field12Type], [Field13Label], [Field13Type], [Field14Label], [Field14Type], [Field15Label], [Field15Type], [RateCodeFormat], [RateCodeFields], [LegacyName], [SSNIsRequired], [PricingModeID], [isIDR_EDI_Capable], [HU_RequestType], [MultipleMeters], [MeterReadOverlap], [AutoApproval], [DeliveryLocationRefID], [DefaultProfileRefID], [SettlementLocationRefID]) VALUES (22, N'JCP&L', N'JCP&L (JERSEY CENTRAL POWER & LIGHT)', N'JCP&L (JERSEY CENTRAL POWER & LIGHT)', 9, N'006973358', N'LPH', 21, N'BR', 20, N'080', N'NONE', N'CREDIT CHECK', N'YES', N'', N'', N'', N'', N'', N'', N'', N'NONE', N'', N'', N'', N'NONE', N'', N'', N'', N'', N'', N'', N'', N'NONE', N'2007-11-08 19:20:44', N'libertypower\mbarrant                                                                                                                                                                                   ', N'0', N'2007-11-08 19:20:44', 4, 0, 0, 0, N'', 1, N'PJM', N'1-888-544-4877', 0, 0, 26, N'', N'', N'Carrier Ratecode', NULL, N'SIC', NULL, N'Accuracy %', NULL, N'DUNS Number', NULL, N'0', N'0', N'JCP&L (JERSEY CENTRAL POWER & LIGHT)', 1, 3, NULL, N'EDI       ', 0, 1, 1, NULL, NULL, NULL)
INSERT INTO [dbo].[UtilityLegacy] ([ID], [UtilityCode], [FullName], [ShortName], [MarketID], [DunsNumber], [EntityId], [EnrollmentLeadDays], [BillingType], [AccountLength], [AccountNumberPrefix], [LeadScreenProcess], [DealScreenProcess], [PorOption], [Field01Label], [Field01Type], [Field02Label], [Field02Type], [Field03Label], [Field03Type], [Field04Label], [Field04Type], [Field05Label], [Field05Type], [Field06Label], [Field06Type], [Field07Label], [Field07Type], [Field08Label], [Field08Type], [Field09Label], [Field09Type], [Field10Label], [Field10Type], [DateCreated], [UserName], [InactiveInd], [ActiveDate], [ChgStamp], [MeterNumberRequired], [MeterNumberLength], [AnnualUsageMin], [Qualifier], [EdiCapable], [WholeSaleMktID], [Phone], [RateCodeRequired], [HasZones], [ZoneDefault], [Field11Label], [Field11Type], [Field12Label], [Field12Type], [Field13Label], [Field13Type], [Field14Label], [Field14Type], [Field15Label], [Field15Type], [RateCodeFormat], [RateCodeFields], [LegacyName], [SSNIsRequired], [PricingModeID], [isIDR_EDI_Capable], [HU_RequestType], [MultipleMeters], [MeterReadOverlap], [AutoApproval], [DeliveryLocationRefID], [DefaultProfileRefID], [SettlementLocationRefID]) VALUES (23, N'MECO', N'MECO (MASSACHUSETTS ELECTRIC CO - NATIONAL GRID)', N'MECO (MASSACHUSETTS ELECTRIC CO - NATIONAL GRID)', 4, N'006952626', N'LPH-NE', 2, N'RR', 10, N'', N'NONE', N'CREDIT CHECK', N'NO', N'', N'', N'', N'', N'', N'', N'', N'NONE', N'', N'', N'', N'NONE', N'', N'', N'', N'', N'', N'', N'', N'NONE', N'2006-10-24 12:18:17', N'libertypower\mbarrant                                                                                                                                                                                   ', N'0', N'2006-10-24 12:18:17', 6, 0, 0, 0, N'', 1, N'NEISO', N'800-322-3223', 1, 1, 15, N'', N'', N'Carrier Ratecode', NULL, N'SIC', NULL, N'Accuracy %', NULL, N'DUNS Number', NULL, N'4', N'1', N'MECO (MASSACHUSETTS ELECTRIC CO - NATIONAL GRID)', 1, 3, NULL, N'EDI       ', 0, 1, NULL, NULL, NULL, NULL)
INSERT INTO [dbo].[UtilityLegacy] ([ID], [UtilityCode], [FullName], [ShortName], [MarketID], [DunsNumber], [EntityId], [EnrollmentLeadDays], [BillingType], [AccountLength], [AccountNumberPrefix], [LeadScreenProcess], [DealScreenProcess], [PorOption], [Field01Label], [Field01Type], [Field02Label], [Field02Type], [Field03Label], [Field03Type], [Field04Label], [Field04Type], [Field05Label], [Field05Type], [Field06Label], [Field06Type], [Field07Label], [Field07Type], [Field08Label], [Field08Type], [Field09Label], [Field09Type], [Field10Label], [Field10Type], [DateCreated], [UserName], [InactiveInd], [ActiveDate], [ChgStamp], [MeterNumberRequired], [MeterNumberLength], [AnnualUsageMin], [Qualifier], [EdiCapable], [WholeSaleMktID], [Phone], [RateCodeRequired], [HasZones], [ZoneDefault], [Field11Label], [Field11Type], [Field12Label], [Field12Type], [Field13Label], [Field13Type], [Field14Label], [Field14Type], [Field15Label], [Field15Type], [RateCodeFormat], [RateCodeFields], [LegacyName], [SSNIsRequired], [PricingModeID], [isIDR_EDI_Capable], [HU_RequestType], [MultipleMeters], [MeterReadOverlap], [AutoApproval], [DeliveryLocationRefID], [DefaultProfileRefID], [SettlementLocationRefID]) VALUES (24, N'NANT', N'NANT (NANTUCKET ELECTRIC CO. - NATIONAL GRID)', N'NANT (NANTUCKET ELECTRIC CO. - NATIONAL GRID)', 4, N'007998644', N'LPH-NE', 2, N'RR', 10, N'', N'NONE', N'CREDIT CHECK', N'NO', N'', N'', N'', N'', N'', N'', N'', N'NONE', N'', N'', N'', N'NONE', N'', N'', N'', N'', N'', N'', N'', N'NONE', N'2006-10-24 12:18:17', N'libertypower\mbarrant                                                                                                                                                                                   ', N'0', N'2006-10-24 12:18:17', 13, 0, 0, 0, N'', 1, N'NEISO', N'800-465-1212', 1, 1, 77, N'', N'', N'Carrier Ratecode', NULL, N'SIC', NULL, N'Accuracy %', NULL, N'DUNS Number', NULL, N'4', N'1', N'NANT (NANTUCKET ELECTRIC CO. - NATIONAL GRID)', 1, 2, NULL, N'EDI       ', 0, 1, NULL, NULL, NULL, NULL)
INSERT INTO [dbo].[UtilityLegacy] ([ID], [UtilityCode], [FullName], [ShortName], [MarketID], [DunsNumber], [EntityId], [EnrollmentLeadDays], [BillingType], [AccountLength], [AccountNumberPrefix], [LeadScreenProcess], [DealScreenProcess], [PorOption], [Field01Label], [Field01Type], [Field02Label], [Field02Type], [Field03Label], [Field03Type], [Field04Label], [Field04Type], [Field05Label], [Field05Type], [Field06Label], [Field06Type], [Field07Label], [Field07Type], [Field08Label], [Field08Type], [Field09Label], [Field09Type], [Field10Label], [Field10Type], [DateCreated], [UserName], [InactiveInd], [ActiveDate], [ChgStamp], [MeterNumberRequired], [MeterNumberLength], [AnnualUsageMin], [Qualifier], [EdiCapable], [WholeSaleMktID], [Phone], [RateCodeRequired], [HasZones], [ZoneDefault], [Field11Label], [Field11Type], [Field12Label], [Field12Type], [Field13Label], [Field13Type], [Field14Label], [Field14Type], [Field15Label], [Field15Type], [RateCodeFormat], [RateCodeFields], [LegacyName], [SSNIsRequired], [PricingModeID], [isIDR_EDI_Capable], [HU_RequestType], [MultipleMeters], [MeterReadOverlap], [AutoApproval], [DeliveryLocationRefID], [DefaultProfileRefID], [SettlementLocationRefID]) VALUES (25, N'NECO', N'NECO (NARRANGANSETT ELECTRIC CO. - NATIONAL GRID)', N'NECO (NARRANGANSETT ELECTRIC CO. - NATIONAL GRID)', 6, N'001193655', N'LPH-NE', 2, N'DUAL', 10, N'', N'NONE', N'CREDIT CHECK', N'NO', N'', N'', N'', N'', N'', N'', N'', N'NONE', N'', N'', N'', N'NONE', N'', N'', N'', N'', N'', N'', N'', N'NONE', N'2006-10-24 12:18:17', N'LIBERTYPOWER\gmangaroo                                                                                                                                                                                  ', N'0', N'2006-10-24 12:18:17', 12, 0, 0, 0, N'', 1, N'NEISO', N'1-800-322-3223', 1, 0, 30, N'', N'', N'Carrier Ratecode', NULL, N'SIC', NULL, N'Accuracy %', NULL, N'DUNS Number', NULL, N'4', N'1', N'NECO (NARRANGANSETT ELECTRIC CO. - NATIONAL GRID)', 1, 2, NULL, N'EDI       ', 0, 1, NULL, NULL, NULL, NULL)
INSERT INTO [dbo].[UtilityLegacy] ([ID], [UtilityCode], [FullName], [ShortName], [MarketID], [DunsNumber], [EntityId], [EnrollmentLeadDays], [BillingType], [AccountLength], [AccountNumberPrefix], [LeadScreenProcess], [DealScreenProcess], [PorOption], [Field01Label], [Field01Type], [Field02Label], [Field02Type], [Field03Label], [Field03Type], [Field04Label], [Field04Type], [Field05Label], [Field05Type], [Field06Label], [Field06Type], [Field07Label], [Field07Type], [Field08Label], [Field08Type], [Field09Label], [Field09Type], [Field10Label], [Field10Type], [DateCreated], [UserName], [InactiveInd], [ActiveDate], [ChgStamp], [MeterNumberRequired], [MeterNumberLength], [AnnualUsageMin], [Qualifier], [EdiCapable], [WholeSaleMktID], [Phone], [RateCodeRequired], [HasZones], [ZoneDefault], [Field11Label], [Field11Type], [Field12Label], [Field12Type], [Field13Label], [Field13Type], [Field14Label], [Field14Type], [Field15Label], [Field15Type], [RateCodeFormat], [RateCodeFields], [LegacyName], [SSNIsRequired], [PricingModeID], [isIDR_EDI_Capable], [HU_RequestType], [MultipleMeters], [MeterReadOverlap], [AutoApproval], [DeliveryLocationRefID], [DefaultProfileRefID], [SettlementLocationRefID]) VALUES (26, N'NIMO', N'NIMO (NIAGARA MOHAWK)', N'NIMO (NIAGARA MOHAWK)', 7, N'006994735', N'LPH', 15, N'DUAL', 10, N'', N'NONE', N'CREDIT CHECK', N'NO', N'', N'', N'', N'', N'', N'', N'', N'NONE', N'', N'', N'', N'NONE', N'', N'', N'', N'', N'', N'', N'', N'VALUE', N'2006-04-03 17:51:54', N'libertypower\mbarrant                                                                                                                                                                                   ', N'0', N'2006-04-03 17:51:54', 15, 0, 0, 0, N'', 1, N'NYISO', N'1-800-664-6729/1-800-642-4272', 1, 1, 16, N'', N'', N'Carrier Ratecode', NULL, N'SIC', NULL, N'Accuracy %', NULL, N'DUNS Number', NULL, N'3', N'5', N'NIMO (NIAGRA MOHAK)', 1, 3, NULL, N'NONE      ', 0, 1, NULL, NULL, NULL, NULL)
INSERT INTO [dbo].[UtilityLegacy] ([ID], [UtilityCode], [FullName], [ShortName], [MarketID], [DunsNumber], [EntityId], [EnrollmentLeadDays], [BillingType], [AccountLength], [AccountNumberPrefix], [LeadScreenProcess], [DealScreenProcess], [PorOption], [Field01Label], [Field01Type], [Field02Label], [Field02Type], [Field03Label], [Field03Type], [Field04Label], [Field04Type], [Field05Label], [Field05Type], [Field06Label], [Field06Type], [Field07Label], [Field07Type], [Field08Label], [Field08Type], [Field09Label], [Field09Type], [Field10Label], [Field10Type], [DateCreated], [UserName], [InactiveInd], [ActiveDate], [ChgStamp], [MeterNumberRequired], [MeterNumberLength], [AnnualUsageMin], [Qualifier], [EdiCapable], [WholeSaleMktID], [Phone], [RateCodeRequired], [HasZones], [ZoneDefault], [Field11Label], [Field11Type], [Field12Label], [Field12Type], [Field13Label], [Field13Type], [Field14Label], [Field14Type], [Field15Label], [Field15Type], [RateCodeFormat], [RateCodeFields], [LegacyName], [SSNIsRequired], [PricingModeID], [isIDR_EDI_Capable], [HU_RequestType], [MultipleMeters], [MeterReadOverlap], [AutoApproval], [DeliveryLocationRefID], [DefaultProfileRefID], [SettlementLocationRefID]) VALUES (27, N'NSTAR-BOS', N'NSTAR-BOS (NSTAR BOSTON EDISON)', N'NSTAR-BOS (NSTAR BOSTON EDISON)', 4, N'006951552', N'LPH', 2, N'RR', 11, N'', N'NONE', N'CREDIT CHECK', N'NO', N'', N'', N'', N'', N'', N'', N'', N'NONE', N'', N'', N'', N'NONE', N'', N'', N'', N'', N'', N'', N'', N'NONE', N'2008-06-13 10:40:25', N'libertypower\mbarrant                                                                                                                                                                                   ', N'0', N'2008-06-13 10:40:25', 2, 0, 0, 0, N'', 1, N'NEISO', N'800-592-2000', 1, 1, 43, N'', N'', N'Carrier Ratecode', NULL, N'SIC', NULL, N'Accuracy %', NULL, N'DUNS Number', NULL, N'4', N'1', N'NSTAR-BOS (NSTAR BOSTON EDISON)', 1, 3, NULL, N'EDI       ', 0, 1, NULL, NULL, NULL, NULL)
INSERT INTO [dbo].[UtilityLegacy] ([ID], [UtilityCode], [FullName], [ShortName], [MarketID], [DunsNumber], [EntityId], [EnrollmentLeadDays], [BillingType], [AccountLength], [AccountNumberPrefix], [LeadScreenProcess], [DealScreenProcess], [PorOption], [Field01Label], [Field01Type], [Field02Label], [Field02Type], [Field03Label], [Field03Type], [Field04Label], [Field04Type], [Field05Label], [Field05Type], [Field06Label], [Field06Type], [Field07Label], [Field07Type], [Field08Label], [Field08Type], [Field09Label], [Field09Type], [Field10Label], [Field10Type], [DateCreated], [UserName], [InactiveInd], [ActiveDate], [ChgStamp], [MeterNumberRequired], [MeterNumberLength], [AnnualUsageMin], [Qualifier], [EdiCapable], [WholeSaleMktID], [Phone], [RateCodeRequired], [HasZones], [ZoneDefault], [Field11Label], [Field11Type], [Field12Label], [Field12Type], [Field13Label], [Field13Type], [Field14Label], [Field14Type], [Field15Label], [Field15Type], [RateCodeFormat], [RateCodeFields], [LegacyName], [SSNIsRequired], [PricingModeID], [isIDR_EDI_Capable], [HU_RequestType], [MultipleMeters], [MeterReadOverlap], [AutoApproval], [DeliveryLocationRefID], [DefaultProfileRefID], [SettlementLocationRefID]) VALUES (28, N'NSTAR-CAMB', N'NSTAR-CAMB (NSTAR CAMBRIDGE)', N'NSTAR-CAMB (NSTAR CAMBRIDGE)', 4, N'006953665', N'LPH', 2, N'RR', 11, N'', N'NONE', N'CREDIT CHECK', N'NO', N'', N'', N'', N'', N'', N'', N'', N'NONE', N'', N'', N'', N'NONE', N'', N'', N'', N'', N'', N'', N'', N'NONE', N'2008-06-13 11:34:35', N'libertypower\mbarrant                                                                                                                                                                                   ', N'0', N'2008-06-13 11:34:35', 3, 0, 0, 0, N'', 1, N'NEISO', N'800-592-2000', 1, 1, 44, N'', N'', N'Carrier Ratecode', NULL, N'SIC', NULL, N'Accuracy %', NULL, N'DUNS Number', NULL, N'4', N'1', N'NSTAR-CAMB (NSTAR CAMBRIDGE)', 1, 3, NULL, N'EDI       ', 0, 1, NULL, NULL, NULL, NULL)
INSERT INTO [dbo].[UtilityLegacy] ([ID], [UtilityCode], [FullName], [ShortName], [MarketID], [DunsNumber], [EntityId], [EnrollmentLeadDays], [BillingType], [AccountLength], [AccountNumberPrefix], [LeadScreenProcess], [DealScreenProcess], [PorOption], [Field01Label], [Field01Type], [Field02Label], [Field02Type], [Field03Label], [Field03Type], [Field04Label], [Field04Type], [Field05Label], [Field05Type], [Field06Label], [Field06Type], [Field07Label], [Field07Type], [Field08Label], [Field08Type], [Field09Label], [Field09Type], [Field10Label], [Field10Type], [DateCreated], [UserName], [InactiveInd], [ActiveDate], [ChgStamp], [MeterNumberRequired], [MeterNumberLength], [AnnualUsageMin], [Qualifier], [EdiCapable], [WholeSaleMktID], [Phone], [RateCodeRequired], [HasZones], [ZoneDefault], [Field11Label], [Field11Type], [Field12Label], [Field12Type], [Field13Label], [Field13Type], [Field14Label], [Field14Type], [Field15Label], [Field15Type], [RateCodeFormat], [RateCodeFields], [LegacyName], [SSNIsRequired], [PricingModeID], [isIDR_EDI_Capable], [HU_RequestType], [MultipleMeters], [MeterReadOverlap], [AutoApproval], [DeliveryLocationRefID], [DefaultProfileRefID], [SettlementLocationRefID]) VALUES (29, N'NSTAR-COMM', N'NSTAR-COMM (NSTAR COMMONWEALTH)', N'NSTAR-COMM (NSTAR COMMONWEALTH)', 4, N'006953848', N'LPH', 2, N'RR', 11, N'', N'NONE', N'CREDIT CHECK', N'NO', N'', N'', N'', N'', N'', N'', N'', N'NONE', N'', N'', N'', N'NONE', N'', N'', N'', N'', N'', N'', N'', N'NONE', N'2008-06-13 11:35:27', N'libertypower\mbarrant                                                                                                                                                                                   ', N'0', N'2008-06-13 11:35:27', 3, 0, 0, 0, N'', 1, N'NEISO', N'800-592-2000', 1, 1, 48, N'', N'', N'Carrier Ratecode', NULL, N'SIC', NULL, N'Accuracy %', NULL, N'DUNS Number', NULL, N'4', N'1', N'NSTAR-COMM (NSTAR COMMONWEALTH)', 1, 3, NULL, N'EDI       ', 0, 1, NULL, NULL, NULL, NULL)
INSERT INTO [dbo].[UtilityLegacy] ([ID], [UtilityCode], [FullName], [ShortName], [MarketID], [DunsNumber], [EntityId], [EnrollmentLeadDays], [BillingType], [AccountLength], [AccountNumberPrefix], [LeadScreenProcess], [DealScreenProcess], [PorOption], [Field01Label], [Field01Type], [Field02Label], [Field02Type], [Field03Label], [Field03Type], [Field04Label], [Field04Type], [Field05Label], [Field05Type], [Field06Label], [Field06Type], [Field07Label], [Field07Type], [Field08Label], [Field08Type], [Field09Label], [Field09Type], [Field10Label], [Field10Type], [DateCreated], [UserName], [InactiveInd], [ActiveDate], [ChgStamp], [MeterNumberRequired], [MeterNumberLength], [AnnualUsageMin], [Qualifier], [EdiCapable], [WholeSaleMktID], [Phone], [RateCodeRequired], [HasZones], [ZoneDefault], [Field11Label], [Field11Type], [Field12Label], [Field12Type], [Field13Label], [Field13Type], [Field14Label], [Field14Type], [Field15Label], [Field15Type], [RateCodeFormat], [RateCodeFields], [LegacyName], [SSNIsRequired], [PricingModeID], [isIDR_EDI_Capable], [HU_RequestType], [MultipleMeters], [MeterReadOverlap], [AutoApproval], [DeliveryLocationRefID], [DefaultProfileRefID], [SettlementLocationRefID]) VALUES (30, N'NYSEG', N'NYSEG (NEW YORK STATE ELECTRIC AND GAS)', N'NYSEG (NEW YORK STATE ELECTRIC AND GAS)', 7, N'006977763', N'LPH', 15, N'BR', 15, N'N01', N'NONE', N'CREDIT CHECK', N'YES', N'', N'', N'', N'', N'', N'', N'', N'NONE', N'', N'', N'', N'NONE', N'', N'', N'', N'', N'', N'', N'', N'NONE', N'2006-08-23 14:32:25', N'libertypower\mbarrant                                                                                                                                                                                   ', N'0', N'2006-08-23 14:32:25', 8, 0, 0, 0, N'', 1, N'NYISO', N'1-800-572-1131', 0, 1, 52, N'', N'', N'Carrier Ratecode', NULL, N'SIC', NULL, N'Accuracy %', NULL, N'DUNS Number', NULL, N'0', N'0', N'NYSEG (NEW YORK STATE ELECTRIC AND GAS)', 1, 3, NULL, N'NONE      ', 1, 0, 1, NULL, NULL, NULL)
INSERT INTO [dbo].[UtilityLegacy] ([ID], [UtilityCode], [FullName], [ShortName], [MarketID], [DunsNumber], [EntityId], [EnrollmentLeadDays], [BillingType], [AccountLength], [AccountNumberPrefix], [LeadScreenProcess], [DealScreenProcess], [PorOption], [Field01Label], [Field01Type], [Field02Label], [Field02Type], [Field03Label], [Field03Type], [Field04Label], [Field04Type], [Field05Label], [Field05Type], [Field06Label], [Field06Type], [Field07Label], [Field07Type], [Field08Label], [Field08Type], [Field09Label], [Field09Type], [Field10Label], [Field10Type], [DateCreated], [UserName], [InactiveInd], [ActiveDate], [ChgStamp], [MeterNumberRequired], [MeterNumberLength], [AnnualUsageMin], [Qualifier], [EdiCapable], [WholeSaleMktID], [Phone], [RateCodeRequired], [HasZones], [ZoneDefault], [Field11Label], [Field11Type], [Field12Label], [Field12Type], [Field13Label], [Field13Type], [Field14Label], [Field14Type], [Field15Label], [Field15Type], [RateCodeFormat], [RateCodeFields], [LegacyName], [SSNIsRequired], [PricingModeID], [isIDR_EDI_Capable], [HU_RequestType], [MultipleMeters], [MeterReadOverlap], [AutoApproval], [DeliveryLocationRefID], [DefaultProfileRefID], [SettlementLocationRefID]) VALUES (31, N'O&R', N'ORANGE AND ROCKLAND', N'ORANGE AND ROCKLAND', 7, N'006993406', N'LPH', 15, N'DUAL', 10, N'', N'NONE', N'CREDIT CHECK', N'NO', N'', N'', N'', N'', N'', N'', N'', N'NONE', N'', N'', N'', N'NONE', N'', N'', N'', N'', N'', N'', N'', N'NONE', N'2006-10-23 17:35:25', N'libertypower\mbarrant                                                                                                                                                                                   ', N'0', N'2006-10-23 17:35:25', 2, 0, 0, 0, N'', 1, N'NYISO', N'1-800-533-5325', 0, 1, 59, N'', N'', N'Carrier Ratecode', NULL, N'SIC', NULL, N'Accuracy %', NULL, N'DUNS Number', NULL, N'0', N'0', N'ORANGE AND ROCKLAND', 1, 3, NULL, N'EDI       ', 0, 1, NULL, NULL, NULL, NULL)
INSERT INTO [dbo].[UtilityLegacy] ([ID], [UtilityCode], [FullName], [ShortName], [MarketID], [DunsNumber], [EntityId], [EnrollmentLeadDays], [BillingType], [AccountLength], [AccountNumberPrefix], [LeadScreenProcess], [DealScreenProcess], [PorOption], [Field01Label], [Field01Type], [Field02Label], [Field02Type], [Field03Label], [Field03Type], [Field04Label], [Field04Type], [Field05Label], [Field05Type], [Field06Label], [Field06Type], [Field07Label], [Field07Type], [Field08Label], [Field08Type], [Field09Label], [Field09Type], [Field10Label], [Field10Type], [DateCreated], [UserName], [InactiveInd], [ActiveDate], [ChgStamp], [MeterNumberRequired], [MeterNumberLength], [AnnualUsageMin], [Qualifier], [EdiCapable], [WholeSaleMktID], [Phone], [RateCodeRequired], [HasZones], [ZoneDefault], [Field11Label], [Field11Type], [Field12Label], [Field12Type], [Field13Label], [Field13Type], [Field14Label], [Field14Type], [Field15Label], [Field15Type], [RateCodeFormat], [RateCodeFields], [LegacyName], [SSNIsRequired], [PricingModeID], [isIDR_EDI_Capable], [HU_RequestType], [MultipleMeters], [MeterReadOverlap], [AutoApproval], [DeliveryLocationRefID], [DefaultProfileRefID], [SettlementLocationRefID]) VALUES (32, N'ONCOR-SESCO', N'ONCOR-SESCO (ONCOR ELECTRIC DELIVERY SESCO)', N'ONCOR-SESCO (ONCOR ELECTRIC DELIVERY SESCO)', 1, N'1039940674000', N'LPT', 3, N'SC', 17, N'101769', N'NONE', N'CREDIT CHECK', N'NO', N'NONE', N'NONE', N'NONE', N'NONE', N'NONE', N'NONE', N'NONE', N'NONE', N'NONE', N'NONE', N'NONE', N'NONE', N'NONE', N'NONE', N'NONE', N'NONE', N'NONE', N'NONE', N'NONE', N'NONE', N'2009-10-07 09:35:50', N'libertypower\e3hernandez                                                                                                                                                                                ', N'1', N'2009-10-07 09:35:50', 1, 0, 0, 0, N'', 0, N'ERCOT', N'1-888-313-6862/1-800-242-9113', 0, 1, 82, N'NONE', N'NONE', N'NONE', N'NONE', N'NONE', N'NONE', N'NONE', N'NONE', N'NONE', N'NONE', N'0', N'0', N'ONCOR-SESCO (ONCOR ELECTRIC DELIVERY SESCO)', 1, 2, NULL, N'NONE      ', 0, 1, NULL, NULL, NULL, NULL)
INSERT INTO [dbo].[UtilityLegacy] ([ID], [UtilityCode], [FullName], [ShortName], [MarketID], [DunsNumber], [EntityId], [EnrollmentLeadDays], [BillingType], [AccountLength], [AccountNumberPrefix], [LeadScreenProcess], [DealScreenProcess], [PorOption], [Field01Label], [Field01Type], [Field02Label], [Field02Type], [Field03Label], [Field03Type], [Field04Label], [Field04Type], [Field05Label], [Field05Type], [Field06Label], [Field06Type], [Field07Label], [Field07Type], [Field08Label], [Field08Type], [Field09Label], [Field09Type], [Field10Label], [Field10Type], [DateCreated], [UserName], [InactiveInd], [ActiveDate], [ChgStamp], [MeterNumberRequired], [MeterNumberLength], [AnnualUsageMin], [Qualifier], [EdiCapable], [WholeSaleMktID], [Phone], [RateCodeRequired], [HasZones], [ZoneDefault], [Field11Label], [Field11Type], [Field12Label], [Field12Type], [Field13Label], [Field13Type], [Field14Label], [Field14Type], [Field15Label], [Field15Type], [RateCodeFormat], [RateCodeFields], [LegacyName], [SSNIsRequired], [PricingModeID], [isIDR_EDI_Capable], [HU_RequestType], [MultipleMeters], [MeterReadOverlap], [AutoApproval], [DeliveryLocationRefID], [DefaultProfileRefID], [SettlementLocationRefID]) VALUES (33, N'ORNJ', N'ROCKLAND NEW JERSEY', N'ROCKLAND NEW JERSEY', 9, N'006993406', N'LPH', 20, N'DUAL', 10, N'', N'NONE', N'CREDIT CHECK', N'NO', N'', N'', N'', N'', N'', N'', N'', N'NONE', N'', N'', N'', N'NONE', N'', N'', N'', N'', N'', N'', N'', N'NONE', N'2009-02-19 15:13:23', N'libertypower\mbarrant                                                                                                                                                                                   ', N'0', N'2009-02-19 15:13:23', 5, 0, 0, 0, N'', 1, N'PJM', N'', 0, 0, 38, N'', N'', N'Carrier Ratecode', NULL, N'SIC', NULL, N'Accuracy %', NULL, N'DUNS Number', NULL, N'0', N'0', N'ROCKLAND ELECTRIC', 1, 2, NULL, N'EDI       ', 0, 1, NULL, NULL, NULL, NULL)
INSERT INTO [dbo].[UtilityLegacy] ([ID], [UtilityCode], [FullName], [ShortName], [MarketID], [DunsNumber], [EntityId], [EnrollmentLeadDays], [BillingType], [AccountLength], [AccountNumberPrefix], [LeadScreenProcess], [DealScreenProcess], [PorOption], [Field01Label], [Field01Type], [Field02Label], [Field02Type], [Field03Label], [Field03Type], [Field04Label], [Field04Type], [Field05Label], [Field05Type], [Field06Label], [Field06Type], [Field07Label], [Field07Type], [Field08Label], [Field08Type], [Field09Label], [Field09Type], [Field10Label], [Field10Type], [DateCreated], [UserName], [InactiveInd], [ActiveDate], [ChgStamp], [MeterNumberRequired], [MeterNumberLength], [AnnualUsageMin], [Qualifier], [EdiCapable], [WholeSaleMktID], [Phone], [RateCodeRequired], [HasZones], [ZoneDefault], [Field11Label], [Field11Type], [Field12Label], [Field12Type], [Field13Label], [Field13Type], [Field14Label], [Field14Type], [Field15Label], [Field15Type], [RateCodeFormat], [RateCodeFields], [LegacyName], [SSNIsRequired], [PricingModeID], [isIDR_EDI_Capable], [HU_RequestType], [MultipleMeters], [MeterReadOverlap], [AutoApproval], [DeliveryLocationRefID], [DefaultProfileRefID], [SettlementLocationRefID]) VALUES (34, N'PEPCO-DC', N'PEPCO-DC (POTOMAC ELECTRIC POWER COMPANY DC)', N'PEPCO-DC (POTOMAC ELECTRIC POWER COMPANY DC)', 11, N'006920284DC', N'LPDC', 17, N'BR', 10, N'', N'NONE', N'CREDIT CHECK', N'NO', N'', N'', N'', N'', N'', N'', N'', N'NONE', N'', N'', N'', N'NONE', N'', N'', N'', N'', N'', N'', N'Facility Rating', N'VALUE', N'2006-06-14 18:14:39', N'libertypower\dmarino                                                                                                                                                                                    ', N'0', N'2006-06-14 18:14:39', 0, 0, 0, 0, N'', 1, N'PJM', N'1-877-737-2662', 0, 0, 27, N'', N'', N'Carrier Ratecode', NULL, N'SIC', NULL, N'Accuracy %', NULL, N'DUNS Number', NULL, N'0', N'0', N'PEPCO-DC (POTOMAC ELECTRIC POWER COMPANY DC)', 1, 3, NULL, N'NONE      ', 0, 1, NULL, NULL, NULL, NULL)
INSERT INTO [dbo].[UtilityLegacy] ([ID], [UtilityCode], [FullName], [ShortName], [MarketID], [DunsNumber], [EntityId], [EnrollmentLeadDays], [BillingType], [AccountLength], [AccountNumberPrefix], [LeadScreenProcess], [DealScreenProcess], [PorOption], [Field01Label], [Field01Type], [Field02Label], [Field02Type], [Field03Label], [Field03Type], [Field04Label], [Field04Type], [Field05Label], [Field05Type], [Field06Label], [Field06Type], [Field07Label], [Field07Type], [Field08Label], [Field08Type], [Field09Label], [Field09Type], [Field10Label], [Field10Type], [DateCreated], [UserName], [InactiveInd], [ActiveDate], [ChgStamp], [MeterNumberRequired], [MeterNumberLength], [AnnualUsageMin], [Qualifier], [EdiCapable], [WholeSaleMktID], [Phone], [RateCodeRequired], [HasZones], [ZoneDefault], [Field11Label], [Field11Type], [Field12Label], [Field12Type], [Field13Label], [Field13Type], [Field14Label], [Field14Type], [Field15Label], [Field15Type], [RateCodeFormat], [RateCodeFields], [LegacyName], [SSNIsRequired], [PricingModeID], [isIDR_EDI_Capable], [HU_RequestType], [MultipleMeters], [MeterReadOverlap], [AutoApproval], [DeliveryLocationRefID], [DefaultProfileRefID], [SettlementLocationRefID]) VALUES (35, N'PEPCO-MD', N'PEPCO-MD (POTOMAC ELECTRIC POWER COMPANY MARYLAND)', N'PEPCO-MD (POTOMAC ELECTRIC POWER COMPANY MARYLAND)', 10, N'006920284', N'LPMD', 12, N'BR', 10, N'', N'NONE', N'CREDIT CHECK', N'YES', N'', N'', N'', N'', N'', N'', N' ', N'NONE', N'', N'', N' ', N'NONE', N'', N'', N'', N'', N'', N'', N'Facility Rating', N'VALUE', N'2006-04-03 00:00:00', N'libertypower\dmarino                                                                                                                                                                                    ', N'0', N'2006-04-03 00:00:00', 1, 0, 0, 0, N'', 1, N'PJM', N'1-877-737-2662', 0, 0, 42, N'', N'', N'Carrier Ratecode', NULL, N'SIC', NULL, N'Accuracy %', NULL, N'DUNS Number', NULL, N'0', N'0', N'PEPCO-MD (POTOMAC ELECTRIC POWER COMPANY MARYLAND)', 1, 3, NULL, N'NONE      ', 0, 1, 1, NULL, NULL, NULL)
INSERT INTO [dbo].[UtilityLegacy] ([ID], [UtilityCode], [FullName], [ShortName], [MarketID], [DunsNumber], [EntityId], [EnrollmentLeadDays], [BillingType], [AccountLength], [AccountNumberPrefix], [LeadScreenProcess], [DealScreenProcess], [PorOption], [Field01Label], [Field01Type], [Field02Label], [Field02Type], [Field03Label], [Field03Type], [Field04Label], [Field04Type], [Field05Label], [Field05Type], [Field06Label], [Field06Type], [Field07Label], [Field07Type], [Field08Label], [Field08Type], [Field09Label], [Field09Type], [Field10Label], [Field10Type], [DateCreated], [UserName], [InactiveInd], [ActiveDate], [ChgStamp], [MeterNumberRequired], [MeterNumberLength], [AnnualUsageMin], [Qualifier], [EdiCapable], [WholeSaleMktID], [Phone], [RateCodeRequired], [HasZones], [ZoneDefault], [Field11Label], [Field11Type], [Field12Label], [Field12Type], [Field13Label], [Field13Type], [Field14Label], [Field14Type], [Field15Label], [Field15Type], [RateCodeFormat], [RateCodeFields], [LegacyName], [SSNIsRequired], [PricingModeID], [isIDR_EDI_Capable], [HU_RequestType], [MultipleMeters], [MeterReadOverlap], [AutoApproval], [DeliveryLocationRefID], [DefaultProfileRefID], [SettlementLocationRefID]) VALUES (36, N'PGE', N'PGE (PACIFIC GAS AND ELECTRIC COMPANY)', N'PGE (PACIFIC GAS AND ELECTRIC COMPANY)', 2, N'006912877', N'LPH', 5, N'DUAL', 10, N'', N'NONE', N'CREDIT CHECK', N'NO', N'', N'NONE', N'', N'NONE', N'', N'NONE', N'', N'NONE', N'', N'NONE', N'', N'NONE', N'', N'NONE', N'', N'NONE', N'', N'NONE', N'', N'NONE', N'2009-11-19 10:32:01', N'libertypower\mbarrant                                                                                                                                                                                   ', N'0', N'2009-11-19 10:32:01', 0, 0, 0, 0, N'', 1, N'CAISO', N'', 0, 0, 94, N'NONE', N'NONE', N'NONE', N'NONE', N'NONE', N'NONE', N'NONE', N'NONE', N'NONE', N'NONE', N'0', N'0', N'PGE (PACIFIC GAS AND ELECTRIC COMPANY)', 1, 3, NULL, N'EDI       ', 0, 1, NULL, NULL, NULL, NULL)
INSERT INTO [dbo].[UtilityLegacy] ([ID], [UtilityCode], [FullName], [ShortName], [MarketID], [DunsNumber], [EntityId], [EnrollmentLeadDays], [BillingType], [AccountLength], [AccountNumberPrefix], [LeadScreenProcess], [DealScreenProcess], [PorOption], [Field01Label], [Field01Type], [Field02Label], [Field02Type], [Field03Label], [Field03Type], [Field04Label], [Field04Type], [Field05Label], [Field05Type], [Field06Label], [Field06Type], [Field07Label], [Field07Type], [Field08Label], [Field08Type], [Field09Label], [Field09Type], [Field10Label], [Field10Type], [DateCreated], [UserName], [InactiveInd], [ActiveDate], [ChgStamp], [MeterNumberRequired], [MeterNumberLength], [AnnualUsageMin], [Qualifier], [EdiCapable], [WholeSaleMktID], [Phone], [RateCodeRequired], [HasZones], [ZoneDefault], [Field11Label], [Field11Type], [Field12Label], [Field12Type], [Field13Label], [Field13Type], [Field14Label], [Field14Type], [Field15Label], [Field15Type], [RateCodeFormat], [RateCodeFields], [LegacyName], [SSNIsRequired], [PricingModeID], [isIDR_EDI_Capable], [HU_RequestType], [MultipleMeters], [MeterReadOverlap], [AutoApproval], [DeliveryLocationRefID], [DefaultProfileRefID], [SettlementLocationRefID]) VALUES (37, N'PPL', N'PPL (PENNSYLVANIA POWER AND LIGHT)', N'', 8, N'007909427AC', N'LPH', 11, N'BR', 10, N'', N'NONE', N'CREDIT CHECK', N'YES', N'', N'', N'', N'', N'', N'', N'', N'NONE', N'', N'', N'', N'NONE', N'', N'', N'', N'', N'', N'', N'', N'NONE', N'2009-09-10 17:23:55', N'LIBERTYPOWER\sclark                                                                                                                                                                                     ', N'0', N'2009-09-10 17:23:55', 0, 0, 0, 0, N'', 1, N'PJM', N'1-800-342-5775', 0, 0, 40, N'', N'', N'Carrier Ratecode', NULL, N'SIC', NULL, N'Accuracy %', NULL, N'DUNS Number', NULL, N'0', N'0', N'PPL (PENNSYLVANIA POWER AND LIGHT)', 1, 3, 1, N'EDI       ', 0, 1, NULL, NULL, NULL, NULL)
INSERT INTO [dbo].[UtilityLegacy] ([ID], [UtilityCode], [FullName], [ShortName], [MarketID], [DunsNumber], [EntityId], [EnrollmentLeadDays], [BillingType], [AccountLength], [AccountNumberPrefix], [LeadScreenProcess], [DealScreenProcess], [PorOption], [Field01Label], [Field01Type], [Field02Label], [Field02Type], [Field03Label], [Field03Type], [Field04Label], [Field04Type], [Field05Label], [Field05Type], [Field06Label], [Field06Type], [Field07Label], [Field07Type], [Field08Label], [Field08Type], [Field09Label], [Field09Type], [Field10Label], [Field10Type], [DateCreated], [UserName], [InactiveInd], [ActiveDate], [ChgStamp], [MeterNumberRequired], [MeterNumberLength], [AnnualUsageMin], [Qualifier], [EdiCapable], [WholeSaleMktID], [Phone], [RateCodeRequired], [HasZones], [ZoneDefault], [Field11Label], [Field11Type], [Field12Label], [Field12Type], [Field13Label], [Field13Type], [Field14Label], [Field14Type], [Field15Label], [Field15Type], [RateCodeFormat], [RateCodeFields], [LegacyName], [SSNIsRequired], [PricingModeID], [isIDR_EDI_Capable], [HU_RequestType], [MultipleMeters], [MeterReadOverlap], [AutoApproval], [DeliveryLocationRefID], [DefaultProfileRefID], [SettlementLocationRefID]) VALUES (38, N'PSEG', N'PSEG (PUBLIC SERVICE ELECTRIC & GAS)', N'PSEG (PUBLIC SERVICE ELECTRIC & GAS)', 9, N'006973812', N'LPH', 20, N'BR', 20, N'PE', N'NONE', N'CREDIT CHECK', N'YES', N'', N'', N'', N'', N'', N'', N'', N'NONE', N'', N'', N'', N'NONE', N'', N'', N'', N'', N'', N'', N'', N'NONE', N'2007-05-08 00:00:00', N'libertypower\mbarrant                                                                                                                                                                                   ', N'0', N'2007-05-08 00:00:00', 6, 0, 0, 0, N'', 1, N'PJM', N'1-800-436-7734', 0, 0, 28, N'', N'', N'Carrier Ratecode', NULL, N'SIC', NULL, N'Accuracy %', NULL, N'DUNS Number', NULL, N'0', N'0', N'PSEG (PUBLIC SERVICE ELECTRIC & GAS)', 1, 3, NULL, N'EDI       ', 0, 1, 1, NULL, NULL, NULL)
INSERT INTO [dbo].[UtilityLegacy] ([ID], [UtilityCode], [FullName], [ShortName], [MarketID], [DunsNumber], [EntityId], [EnrollmentLeadDays], [BillingType], [AccountLength], [AccountNumberPrefix], [LeadScreenProcess], [DealScreenProcess], [PorOption], [Field01Label], [Field01Type], [Field02Label], [Field02Type], [Field03Label], [Field03Type], [Field04Label], [Field04Type], [Field05Label], [Field05Type], [Field06Label], [Field06Type], [Field07Label], [Field07Type], [Field08Label], [Field08Type], [Field09Label], [Field09Type], [Field10Label], [Field10Type], [DateCreated], [UserName], [InactiveInd], [ActiveDate], [ChgStamp], [MeterNumberRequired], [MeterNumberLength], [AnnualUsageMin], [Qualifier], [EdiCapable], [WholeSaleMktID], [Phone], [RateCodeRequired], [HasZones], [ZoneDefault], [Field11Label], [Field11Type], [Field12Label], [Field12Type], [Field13Label], [Field13Type], [Field14Label], [Field14Type], [Field15Label], [Field15Type], [RateCodeFormat], [RateCodeFields], [LegacyName], [SSNIsRequired], [PricingModeID], [isIDR_EDI_Capable], [HU_RequestType], [MultipleMeters], [MeterReadOverlap], [AutoApproval], [DeliveryLocationRefID], [DefaultProfileRefID], [SettlementLocationRefID]) VALUES (39, N'RGE', N'RGE (ROCHESTER GAS & ELECTRIC)', N'RGE (ROCHESTER GAS & ELECTRIC)', 7, N'160612110', N'LPH', 15, N'BR', 15, N'', N'NONE', N'CREDIT CHECK', N'YES', N'', N'', N'', N'', N'', N'', N'', N'NONE', N'', N'', N'', N'NONE', N'', N'', N'', N'', N'', N'', N'', N'NONE', N'2006-10-24 08:43:07', N'libertypower\mbarrant                                                                                                                                                                                   ', N'0', N'2006-10-24 08:43:07', 4, 0, 0, 0, N'', 1, N'NYISO', N'1-800-743-1701', 0, 1, 51, N'', N'', N'Carrier Ratecode', NULL, N'SIC', NULL, N'Accuracy %', NULL, N'DUNS Number', NULL, N'0', N'0', N'RGE (ROCHESTER GAS & ELECTRIC)', 1, 3, NULL, N'NONE      ', 1, 1, 1, NULL, NULL, NULL)
INSERT INTO [dbo].[UtilityLegacy] ([ID], [UtilityCode], [FullName], [ShortName], [MarketID], [DunsNumber], [EntityId], [EnrollmentLeadDays], [BillingType], [AccountLength], [AccountNumberPrefix], [LeadScreenProcess], [DealScreenProcess], [PorOption], [Field01Label], [Field01Type], [Field02Label], [Field02Type], [Field03Label], [Field03Type], [Field04Label], [Field04Type], [Field05Label], [Field05Type], [Field06Label], [Field06Type], [Field07Label], [Field07Type], [Field08Label], [Field08Type], [Field09Label], [Field09Type], [Field10Label], [Field10Type], [DateCreated], [UserName], [InactiveInd], [ActiveDate], [ChgStamp], [MeterNumberRequired], [MeterNumberLength], [AnnualUsageMin], [Qualifier], [EdiCapable], [WholeSaleMktID], [Phone], [RateCodeRequired], [HasZones], [ZoneDefault], [Field11Label], [Field11Type], [Field12Label], [Field12Type], [Field13Label], [Field13Type], [Field14Label], [Field14Type], [Field15Label], [Field15Type], [RateCodeFormat], [RateCodeFields], [LegacyName], [SSNIsRequired], [PricingModeID], [isIDR_EDI_Capable], [HU_RequestType], [MultipleMeters], [MeterReadOverlap], [AutoApproval], [DeliveryLocationRefID], [DefaultProfileRefID], [SettlementLocationRefID]) VALUES (40, N'ROCKLAND', N'ROCKLAND ELECTRIC', N'ROCKLAND ELECTRIC', 9, N'006993406', N'LPH', 15, N'DUAL', 10, N'', N'NONE', N'CREDIT CHECK', N'NO', N'', N'', N'', N'', N'', N'', N'', N'NONE', N'', N'', N'', N'NONE', N'', N'', N'', N'', N'', N'', N'', N'NONE', N'2007-05-08 00:00:00', N'libertypower\mbarrant                                                                                                                                                                                   ', N'1', N'2007-05-08 00:00:00', 7, 0, 0, 0, N'', 1, N'PJM', N'1-877-434-4100', 0, 0, 83, N'', N'', N'Carrier Ratecode', NULL, N'SIC', NULL, N'Accuracy %', NULL, N'DUNS Number', NULL, N'0', N'0', N'ROCKLAND ELECTRIC', 1, 3, NULL, N'EDI       ', 0, NULL, NULL, NULL, NULL, NULL)
INSERT INTO [dbo].[UtilityLegacy] ([ID], [UtilityCode], [FullName], [ShortName], [MarketID], [DunsNumber], [EntityId], [EnrollmentLeadDays], [BillingType], [AccountLength], [AccountNumberPrefix], [LeadScreenProcess], [DealScreenProcess], [PorOption], [Field01Label], [Field01Type], [Field02Label], [Field02Type], [Field03Label], [Field03Type], [Field04Label], [Field04Type], [Field05Label], [Field05Type], [Field06Label], [Field06Type], [Field07Label], [Field07Type], [Field08Label], [Field08Type], [Field09Label], [Field09Type], [Field10Label], [Field10Type], [DateCreated], [UserName], [InactiveInd], [ActiveDate], [ChgStamp], [MeterNumberRequired], [MeterNumberLength], [AnnualUsageMin], [Qualifier], [EdiCapable], [WholeSaleMktID], [Phone], [RateCodeRequired], [HasZones], [ZoneDefault], [Field11Label], [Field11Type], [Field12Label], [Field12Type], [Field13Label], [Field13Type], [Field14Label], [Field14Type], [Field15Label], [Field15Type], [RateCodeFormat], [RateCodeFields], [LegacyName], [SSNIsRequired], [PricingModeID], [isIDR_EDI_Capable], [HU_RequestType], [MultipleMeters], [MeterReadOverlap], [AutoApproval], [DeliveryLocationRefID], [DefaultProfileRefID], [SettlementLocationRefID]) VALUES (41, N'SCE', N'SCE (SOUTHERN CALIFORNIA EDISON)', N'SCE (SOUTHERN CALIFORNIA EDISON)', 2, N'006908818', N'LPH', 5, N'DUAL', 10, N'3', N'NONE', N'CREDIT CHECK', N'NO', N'', N'NONE', N'', N'NONE', N'', N'NONE', N'', N'NONE', N'', N'NONE', N'', N'NONE', N'', N'NONE', N'', N'NONE', N'', N'NONE', N'', N'NONE', N'2009-11-19 10:29:59', N'libertypower\mbarrant                                                                                                                                                                                   ', N'0', N'2009-11-19 10:29:59', 0, 0, 0, 0, N'', 1, N'CAISO', N'', 0, 0, 95, N'NONE', N'NONE', N'NONE', N'NONE', N'NONE', N'NONE', N'NONE', N'NONE', N'NONE', N'NONE', N'0', N'0', N'SCE (SOUTHERN CALIFORNIA EDISON)', 1, 3, NULL, N'EDI       ', 0, 1, NULL, NULL, NULL, NULL)
INSERT INTO [dbo].[UtilityLegacy] ([ID], [UtilityCode], [FullName], [ShortName], [MarketID], [DunsNumber], [EntityId], [EnrollmentLeadDays], [BillingType], [AccountLength], [AccountNumberPrefix], [LeadScreenProcess], [DealScreenProcess], [PorOption], [Field01Label], [Field01Type], [Field02Label], [Field02Type], [Field03Label], [Field03Type], [Field04Label], [Field04Type], [Field05Label], [Field05Type], [Field06Label], [Field06Type], [Field07Label], [Field07Type], [Field08Label], [Field08Type], [Field09Label], [Field09Type], [Field10Label], [Field10Type], [DateCreated], [UserName], [InactiveInd], [ActiveDate], [ChgStamp], [MeterNumberRequired], [MeterNumberLength], [AnnualUsageMin], [Qualifier], [EdiCapable], [WholeSaleMktID], [Phone], [RateCodeRequired], [HasZones], [ZoneDefault], [Field11Label], [Field11Type], [Field12Label], [Field12Type], [Field13Label], [Field13Type], [Field14Label], [Field14Type], [Field15Label], [Field15Type], [RateCodeFormat], [RateCodeFields], [LegacyName], [SSNIsRequired], [PricingModeID], [isIDR_EDI_Capable], [HU_RequestType], [MultipleMeters], [MeterReadOverlap], [AutoApproval], [DeliveryLocationRefID], [DefaultProfileRefID], [SettlementLocationRefID]) VALUES (42, N'SDGE', N'SDGE (SAN DIEGO GAS AND ELECTRIC)', N'SDGE (SAN DIEGO GAS AND ELECTRIC)', 2, N'006911457', N'LPH', 5, N'DUAL', 10, N'', N'NONE', N'CREDIT CHECK', N'NO', N'NONE', N'NONE', N'NONE', N'NONE', N'NONE', N'NONE', N'NONE', N'NONE', N'NONE', N'NONE', N'NONE', N'NONE', N'NONE', N'NONE', N'NONE', N'NONE', N'NONE', N'NONE', N'NONE', N'NONE', N'2009-11-19 10:31:23', N'libertypower\mbarrant                                                                                                                                                                                   ', N'0', N'2009-11-19 10:31:23', 1, 1, 8, 0, N'', 1, N'CAISO', N'', 0, 0, 96, N'NONE', N'NONE', N'NONE', N'NONE', N'NONE', N'NONE', N'NONE', N'NONE', N'NONE', N'NONE', N'0', N'0', N'SDGE (SAN DIEGO GAS AND ELECTRIC)', 1, 3, NULL, N'EDI       ', 0, 1, NULL, NULL, NULL, NULL)
INSERT INTO [dbo].[UtilityLegacy] ([ID], [UtilityCode], [FullName], [ShortName], [MarketID], [DunsNumber], [EntityId], [EnrollmentLeadDays], [BillingType], [AccountLength], [AccountNumberPrefix], [LeadScreenProcess], [DealScreenProcess], [PorOption], [Field01Label], [Field01Type], [Field02Label], [Field02Type], [Field03Label], [Field03Type], [Field04Label], [Field04Type], [Field05Label], [Field05Type], [Field06Label], [Field06Type], [Field07Label], [Field07Type], [Field08Label], [Field08Type], [Field09Label], [Field09Type], [Field10Label], [Field10Type], [DateCreated], [UserName], [InactiveInd], [ActiveDate], [ChgStamp], [MeterNumberRequired], [MeterNumberLength], [AnnualUsageMin], [Qualifier], [EdiCapable], [WholeSaleMktID], [Phone], [RateCodeRequired], [HasZones], [ZoneDefault], [Field11Label], [Field11Type], [Field12Label], [Field12Type], [Field13Label], [Field13Type], [Field14Label], [Field14Type], [Field15Label], [Field15Type], [RateCodeFormat], [RateCodeFields], [LegacyName], [SSNIsRequired], [PricingModeID], [isIDR_EDI_Capable], [HU_RequestType], [MultipleMeters], [MeterReadOverlap], [AutoApproval], [DeliveryLocationRefID], [DefaultProfileRefID], [SettlementLocationRefID]) VALUES (43, N'SHARYLAND', N'SHARYLAND UTILITIES', N'SHARYLAND UTILITIES', 1, N'105262336', N'LPT', 3, N'SC', 13, N'1017008', N'NONE', N'CREDIT CHECK', N'NO', N'', N'', N'', N'', N'', N'', N'', N'NONE', N'', N'', N'', N'NONE', N'', N'', N'', N'', N'', N'', N'', N'VALUE', N'2008-02-19 00:00:00', N'libertypower\dmarino                                                                                                                                                                                    ', N'0', N'2008-02-19 00:00:00', 7, 0, 0, 0, N'', 0, N'ERCOT', N'1-956-668-9551', 0, 1, 65, N'', N'', N'Carrier Ratecode', NULL, N'SIC', NULL, N'Accuracy %', NULL, N'DUNS Number', NULL, N'0', N'0', N'SHARYLAND UTILITIES', 1, 2, NULL, N'NONE      ', 0, 1, NULL, NULL, NULL, NULL)
INSERT INTO [dbo].[UtilityLegacy] ([ID], [UtilityCode], [FullName], [ShortName], [MarketID], [DunsNumber], [EntityId], [EnrollmentLeadDays], [BillingType], [AccountLength], [AccountNumberPrefix], [LeadScreenProcess], [DealScreenProcess], [PorOption], [Field01Label], [Field01Type], [Field02Label], [Field02Type], [Field03Label], [Field03Type], [Field04Label], [Field04Type], [Field05Label], [Field05Type], [Field06Label], [Field06Type], [Field07Label], [Field07Type], [Field08Label], [Field08Type], [Field09Label], [Field09Type], [Field10Label], [Field10Type], [DateCreated], [UserName], [InactiveInd], [ActiveDate], [ChgStamp], [MeterNumberRequired], [MeterNumberLength], [AnnualUsageMin], [Qualifier], [EdiCapable], [WholeSaleMktID], [Phone], [RateCodeRequired], [HasZones], [ZoneDefault], [Field11Label], [Field11Type], [Field12Label], [Field12Type], [Field13Label], [Field13Type], [Field14Label], [Field14Type], [Field15Label], [Field15Type], [RateCodeFormat], [RateCodeFields], [LegacyName], [SSNIsRequired], [PricingModeID], [isIDR_EDI_Capable], [HU_RequestType], [MultipleMeters], [MeterReadOverlap], [AutoApproval], [DeliveryLocationRefID], [DefaultProfileRefID], [SettlementLocationRefID]) VALUES (44, N'TXU', N'TXU ELECTRIC DELIVERY', N'TXU ELECTRIC DELIVERY', 1, N'1039940674000', N'LPT', 3, N'SC', 17, N'1044372', N'NONE', N'CREDIT CHECK', N'NO', N'', N'', N'', N'', N'', N'', N'', N'NONE', N'', N'', N'', N'NONE', N'', N'', N'', N'', N'', N'', N'', N'VALUE', N'2006-04-04 00:00:00', N'LIBERTYPOWER\gmangaroo                                                                                                                                                                                  ', N'1', N'2006-04-04 00:00:00', 9, 0, 0, 0, N'', 0, N'ERCOT', N'1-888-313-4747', 0, 1, 69, N'', N'', N'Carrier Ratecode', NULL, N'SIC', NULL, N'Accuracy %', NULL, N'DUNS Number', NULL, N'0', N'0', N'TXU ELECTRIC DELIVERY', 1, 3, NULL, N'NONE      ', 0, NULL, NULL, NULL, NULL, NULL)
INSERT INTO [dbo].[UtilityLegacy] ([ID], [UtilityCode], [FullName], [ShortName], [MarketID], [DunsNumber], [EntityId], [EnrollmentLeadDays], [BillingType], [AccountLength], [AccountNumberPrefix], [LeadScreenProcess], [DealScreenProcess], [PorOption], [Field01Label], [Field01Type], [Field02Label], [Field02Type], [Field03Label], [Field03Type], [Field04Label], [Field04Type], [Field05Label], [Field05Type], [Field06Label], [Field06Type], [Field07Label], [Field07Type], [Field08Label], [Field08Type], [Field09Label], [Field09Type], [Field10Label], [Field10Type], [DateCreated], [UserName], [InactiveInd], [ActiveDate], [ChgStamp], [MeterNumberRequired], [MeterNumberLength], [AnnualUsageMin], [Qualifier], [EdiCapable], [WholeSaleMktID], [Phone], [RateCodeRequired], [HasZones], [ZoneDefault], [Field11Label], [Field11Type], [Field12Label], [Field12Type], [Field13Label], [Field13Type], [Field14Label], [Field14Type], [Field15Label], [Field15Type], [RateCodeFormat], [RateCodeFields], [LegacyName], [SSNIsRequired], [PricingModeID], [isIDR_EDI_Capable], [HU_RequestType], [MultipleMeters], [MeterReadOverlap], [AutoApproval], [DeliveryLocationRefID], [DefaultProfileRefID], [SettlementLocationRefID]) VALUES (45, N'UGI', N'UGI (UGI UTILITIES)', N'UGI (UGI UTILITIES)', 8, N'099427866', N'LPH', 17, N'DUAL', 12, N'', N'NONE', N'CREDIT CHECK', N'NO', N'', N'NONE', N'', N'NONE', N'', N'NONE', N'', N'NONE', N'', N'NONE', N'', N'NONE', N'', N'NONE', N'', N'NONE', N'', N'NONE', N'', N'NONE', N'2009-12-03 17:04:43', N'libertypower\mbarrant                                                                                                                                                                                   ', N'0', N'2009-12-03 17:04:43', 0, 0, 0, 0, N'', 1, N'PJM', N'', 0, 0, 75, N'NONE', N'NONE', N'NONE', N'NONE', N'NONE', N'NONE', N'NONE', N'NONE', N'NONE', N'NONE', N'0', N'0', N'UGI (UGI UTILITIES)', 1, 3, NULL, N'EDI       ', 0, 1, NULL, NULL, NULL, NULL)
INSERT INTO [dbo].[UtilityLegacy] ([ID], [UtilityCode], [FullName], [ShortName], [MarketID], [DunsNumber], [EntityId], [EnrollmentLeadDays], [BillingType], [AccountLength], [AccountNumberPrefix], [LeadScreenProcess], [DealScreenProcess], [PorOption], [Field01Label], [Field01Type], [Field02Label], [Field02Type], [Field03Label], [Field03Type], [Field04Label], [Field04Type], [Field05Label], [Field05Type], [Field06Label], [Field06Type], [Field07Label], [Field07Type], [Field08Label], [Field08Type], [Field09Label], [Field09Type], [Field10Label], [Field10Type], [DateCreated], [UserName], [InactiveInd], [ActiveDate], [ChgStamp], [MeterNumberRequired], [MeterNumberLength], [AnnualUsageMin], [Qualifier], [EdiCapable], [WholeSaleMktID], [Phone], [RateCodeRequired], [HasZones], [ZoneDefault], [Field11Label], [Field11Type], [Field12Label], [Field12Type], [Field13Label], [Field13Type], [Field14Label], [Field14Type], [Field15Label], [Field15Type], [RateCodeFormat], [RateCodeFields], [LegacyName], [SSNIsRequired], [PricingModeID], [isIDR_EDI_Capable], [HU_RequestType], [MultipleMeters], [MeterReadOverlap], [AutoApproval], [DeliveryLocationRefID], [DefaultProfileRefID], [SettlementLocationRefID]) VALUES (46, N'UI', N'UI (UNITED ILLUMINATING)', N'UI (UNITED ILLUMINATING)', 3, N'006917967', N'LPH', 2, N'DUAL', 13, N'', N'NONE', N'CREDIT CHECK', N'NO', N'', N'', N'', N'', N'', N'', N'', N'NONE', N'', N'', N'', N'NONE', N'', N'', N'', N'', N'', N'', N'', N'NONE', N'2008-06-03 00:00:00', N'libertypower\mbarrant                                                                                                                                                                                   ', N'0', N'2008-06-03 00:00:00', 1, 0, 0, 0, N'', 1, N'NEISO', N'', 0, 0, 58, N'', N'', N'Carrier Ratecode', NULL, N'SIC', NULL, N'Accuracy %', NULL, N'DUNS Number', NULL, N'0', N'1', N'UI (UNITED ILLUMINATING)', 1, 3, NULL, N'EDI       ', 0, 1, NULL, NULL, NULL, NULL)
INSERT INTO [dbo].[UtilityLegacy] ([ID], [UtilityCode], [FullName], [ShortName], [MarketID], [DunsNumber], [EntityId], [EnrollmentLeadDays], [BillingType], [AccountLength], [AccountNumberPrefix], [LeadScreenProcess], [DealScreenProcess], [PorOption], [Field01Label], [Field01Type], [Field02Label], [Field02Type], [Field03Label], [Field03Type], [Field04Label], [Field04Type], [Field05Label], [Field05Type], [Field06Label], [Field06Type], [Field07Label], [Field07Type], [Field08Label], [Field08Type], [Field09Label], [Field09Type], [Field10Label], [Field10Type], [DateCreated], [UserName], [InactiveInd], [ActiveDate], [ChgStamp], [MeterNumberRequired], [MeterNumberLength], [AnnualUsageMin], [Qualifier], [EdiCapable], [WholeSaleMktID], [Phone], [RateCodeRequired], [HasZones], [ZoneDefault], [Field11Label], [Field11Type], [Field12Label], [Field12Type], [Field13Label], [Field13Type], [Field14Label], [Field14Type], [Field15Label], [Field15Type], [RateCodeFormat], [RateCodeFields], [LegacyName], [SSNIsRequired], [PricingModeID], [isIDR_EDI_Capable], [HU_RequestType], [MultipleMeters], [MeterReadOverlap], [AutoApproval], [DeliveryLocationRefID], [DefaultProfileRefID], [SettlementLocationRefID]) VALUES (47, N'UNITIL', N'UNITIL (FITCHBURG GAS & ELECTRIC CO)', N'UNITIL (FITCHBURG GAS & ELECTRIC CO)', 4, N'006954317', N'LPH', 2, N'DUAL', 14, N'', N'NONE', N'CREDIT CHECK', N'NO', N'', N'', N'', N'', N'', N'', N'', N'NONE', N'', N'', N'', N'NONE', N'', N'', N'', N'', N'', N'', N'', N'NONE', N'2008-08-05 11:56:20', N'libertypower\mbarrant                                                                                                                                                                                   ', N'0', N'2008-08-05 11:56:20', 4, 0, 0, 0, N'', 1, N'NEISO', N'888-301-7700', 0, 0, 35, N'', N'', N'Carrier Ratecode', NULL, N'SIC', NULL, N'Accuracy %', NULL, N'DUNS Number', NULL, N'0', N'1', N'UNITIL (FITCHBURG GAS & ELECTRIC CO)', 1, 3, NULL, N'EDI       ', 0, 1, NULL, NULL, NULL, NULL)
INSERT INTO [dbo].[UtilityLegacy] ([ID], [UtilityCode], [FullName], [ShortName], [MarketID], [DunsNumber], [EntityId], [EnrollmentLeadDays], [BillingType], [AccountLength], [AccountNumberPrefix], [LeadScreenProcess], [DealScreenProcess], [PorOption], [Field01Label], [Field01Type], [Field02Label], [Field02Type], [Field03Label], [Field03Type], [Field04Label], [Field04Type], [Field05Label], [Field05Type], [Field06Label], [Field06Type], [Field07Label], [Field07Type], [Field08Label], [Field08Type], [Field09Label], [Field09Type], [Field10Label], [Field10Type], [DateCreated], [UserName], [InactiveInd], [ActiveDate], [ChgStamp], [MeterNumberRequired], [MeterNumberLength], [AnnualUsageMin], [Qualifier], [EdiCapable], [WholeSaleMktID], [Phone], [RateCodeRequired], [HasZones], [ZoneDefault], [Field11Label], [Field11Type], [Field12Label], [Field12Type], [Field13Label], [Field13Type], [Field14Label], [Field14Type], [Field15Label], [Field15Type], [RateCodeFormat], [RateCodeFields], [LegacyName], [SSNIsRequired], [PricingModeID], [isIDR_EDI_Capable], [HU_RequestType], [MultipleMeters], [MeterReadOverlap], [AutoApproval], [DeliveryLocationRefID], [DefaultProfileRefID], [SettlementLocationRefID]) VALUES (48, N'WMECO', N'WMECO (WESTERN MASSACHUSETTS CO)', N'WMECO (WESTERN MASSACHUSETTS CO)', 4, N'006956551', N'LPH', 2, N'RR', 9, N'', N'NONE', N'CREDIT CHECK', N'NO', N'', N'', N'', N'', N'', N'', N'', N'NONE', N'', N'', N'', N'NONE', N'', N'', N'', N'', N'', N'', N'', N'NONE', N'2008-05-28 00:00:00', N'LIBERTYPOWER\gmangaroo                                                                                                                                                                                  ', N'0', N'2008-05-28 00:00:00', 1, 0, 0, 0, N'', 1, N'NEISO', N'1-413-781-4300/1-800-286-2000', 1, 1, 49, N'', N'', N'Carrier Ratecode', NULL, N'SIC', NULL, N'Accuracy %', NULL, N'DUNS Number', NULL, N'4', N'1', N'WMECO (WESTERN MASSACHUSETTS CO)', 1, 3, NULL, N'EDI       ', 0, 1, NULL, NULL, NULL, NULL)
INSERT INTO [dbo].[UtilityLegacy] ([ID], [UtilityCode], [FullName], [ShortName], [MarketID], [DunsNumber], [EntityId], [EnrollmentLeadDays], [BillingType], [AccountLength], [AccountNumberPrefix], [LeadScreenProcess], [DealScreenProcess], [PorOption], [Field01Label], [Field01Type], [Field02Label], [Field02Type], [Field03Label], [Field03Type], [Field04Label], [Field04Type], [Field05Label], [Field05Type], [Field06Label], [Field06Type], [Field07Label], [Field07Type], [Field08Label], [Field08Type], [Field09Label], [Field09Type], [Field10Label], [Field10Type], [DateCreated], [UserName], [InactiveInd], [ActiveDate], [ChgStamp], [MeterNumberRequired], [MeterNumberLength], [AnnualUsageMin], [Qualifier], [EdiCapable], [WholeSaleMktID], [Phone], [RateCodeRequired], [HasZones], [ZoneDefault], [Field11Label], [Field11Type], [Field12Label], [Field12Type], [Field13Label], [Field13Type], [Field14Label], [Field14Type], [Field15Label], [Field15Type], [RateCodeFormat], [RateCodeFields], [LegacyName], [SSNIsRequired], [PricingModeID], [isIDR_EDI_Capable], [HU_RequestType], [MultipleMeters], [MeterReadOverlap], [AutoApproval], [DeliveryLocationRefID], [DefaultProfileRefID], [SettlementLocationRefID]) VALUES (49, N'METED', N'METED (METROPOLITAN EDISON COMPANY)', N'', 8, N'007916836', N'LPH-PA2', 11, N'BR', 20, N'', N'NONE', N'CREDIT CHECK', N'YES', N'NONE', N'NONE', N'NONE', N'NONE', N'NONE', N'NONE', N'NONE', N'NONE', N'NONE', N'NONE', N'NONE', N'NONE', N'NONE', N'NONE', N'NONE', N'NONE', N'NONE', N'NONE', N'NONE', N'NONE', N'2010-03-24 18:04:47', N'LIBERTYPOWER\sclark                                                                                                                                                                                     ', N'0', N'2010-03-24 18:04:47', 0, 0, 0, 0, N'', 1, N'PJM', N'', 0, 0, 91, N'NONE', N'NONE', N'NONE', N'NONE', N'NONE', N'NONE', N'NONE', N'NONE', N'NONE', N'NONE', N'0', N'0', N'METED (METROPOLITAN EDISON COMPANY)', 1, 3, NULL, N'EDI       ', 0, 1, NULL, NULL, NULL, NULL)
INSERT INTO [dbo].[UtilityLegacy] ([ID], [UtilityCode], [FullName], [ShortName], [MarketID], [DunsNumber], [EntityId], [EnrollmentLeadDays], [BillingType], [AccountLength], [AccountNumberPrefix], [LeadScreenProcess], [DealScreenProcess], [PorOption], [Field01Label], [Field01Type], [Field02Label], [Field02Type], [Field03Label], [Field03Type], [Field04Label], [Field04Type], [Field05Label], [Field05Type], [Field06Label], [Field06Type], [Field07Label], [Field07Type], [Field08Label], [Field08Type], [Field09Label], [Field09Type], [Field10Label], [Field10Type], [DateCreated], [UserName], [InactiveInd], [ActiveDate], [ChgStamp], [MeterNumberRequired], [MeterNumberLength], [AnnualUsageMin], [Qualifier], [EdiCapable], [WholeSaleMktID], [Phone], [RateCodeRequired], [HasZones], [ZoneDefault], [Field11Label], [Field11Type], [Field12Label], [Field12Type], [Field13Label], [Field13Type], [Field14Label], [Field14Type], [Field15Label], [Field15Type], [RateCodeFormat], [RateCodeFields], [LegacyName], [SSNIsRequired], [PricingModeID], [isIDR_EDI_Capable], [HU_RequestType], [MultipleMeters], [MeterReadOverlap], [AutoApproval], [DeliveryLocationRefID], [DefaultProfileRefID], [SettlementLocationRefID]) VALUES (50, N'PENELEC', N'PENELEC (PENNSYLVANIA ELECTRIC COMPANY)', N'', 8, N'008967614', N'LPH-PA2', 11, N'BR', 20, N'', N'NONE', N'CREDIT CHECK', N'YES', N'', N'NONE', N'', N'NONE', N'', N'NONE', N'', N'NONE', N'', N'NONE', N'', N'NONE', N'', N'NONE', N'', N'NONE', N'', N'NONE', N'', N'NONE', N'2010-03-24 18:09:41', N'LIBERTYPOWER\sclark                                                                                                                                                                                     ', N'0', N'2010-03-24 18:09:41', 0, 0, 0, 0, N'', 1, N'PJM', N'', 0, 0, 92, N'NONE', N'NONE', N'NONE', N'NONE', N'NONE', N'NONE', N'NONE', N'NONE', N'NONE', N'NONE', N'0', N'0', N'PENELEC (PENNSYLVANIA ELECTRIC COMPANY)', 1, 3, NULL, N'EDI       ', 0, 1, NULL, NULL, NULL, NULL)
INSERT INTO [dbo].[UtilityLegacy] ([ID], [UtilityCode], [FullName], [ShortName], [MarketID], [DunsNumber], [EntityId], [EnrollmentLeadDays], [BillingType], [AccountLength], [AccountNumberPrefix], [LeadScreenProcess], [DealScreenProcess], [PorOption], [Field01Label], [Field01Type], [Field02Label], [Field02Type], [Field03Label], [Field03Type], [Field04Label], [Field04Type], [Field05Label], [Field05Type], [Field06Label], [Field06Type], [Field07Label], [Field07Type], [Field08Label], [Field08Type], [Field09Label], [Field09Type], [Field10Label], [Field10Type], [DateCreated], [UserName], [InactiveInd], [ActiveDate], [ChgStamp], [MeterNumberRequired], [MeterNumberLength], [AnnualUsageMin], [Qualifier], [EdiCapable], [WholeSaleMktID], [Phone], [RateCodeRequired], [HasZones], [ZoneDefault], [Field11Label], [Field11Type], [Field12Label], [Field12Type], [Field13Label], [Field13Type], [Field14Label], [Field14Type], [Field15Label], [Field15Type], [RateCodeFormat], [RateCodeFields], [LegacyName], [SSNIsRequired], [PricingModeID], [isIDR_EDI_Capable], [HU_RequestType], [MultipleMeters], [MeterReadOverlap], [AutoApproval], [DeliveryLocationRefID], [DefaultProfileRefID], [SettlementLocationRefID]) VALUES (51, N'PENNPR', N'PENNPR (PENN POWER)', N'', 8, N'007912736', N'LPH-PA3', 11, N'BR', 20, N'', N'NONE', N'CREDIT CHECK', N'YES', N'', N'NONE', N'', N'NONE', N'', N'NONE', N'', N'NONE', N'', N'NONE', N'', N'NONE', N'', N'NONE', N'', N'NONE', N'', N'NONE', N'', N'NONE', N'2010-03-24 18:11:33', N'LIBERTYPOWER\sclark                                                                                                                                                                                     ', N'0', N'2010-03-24 18:11:33', 0, 0, 0, 0, N'', 1, N'PJM', N'', 0, 0, 74, N'NONE', N'NONE', N'NONE', N'NONE', N'NONE', N'NONE', N'NONE', N'NONE', N'NONE', N'NONE', N'0', N'0', N'PENNPR (PENN POWER)', 1, 3, NULL, N'EDI       ', 0, 1, NULL, NULL, NULL, NULL)
INSERT INTO [dbo].[UtilityLegacy] ([ID], [UtilityCode], [FullName], [ShortName], [MarketID], [DunsNumber], [EntityId], [EnrollmentLeadDays], [BillingType], [AccountLength], [AccountNumberPrefix], [LeadScreenProcess], [DealScreenProcess], [PorOption], [Field01Label], [Field01Type], [Field02Label], [Field02Type], [Field03Label], [Field03Type], [Field04Label], [Field04Type], [Field05Label], [Field05Type], [Field06Label], [Field06Type], [Field07Label], [Field07Type], [Field08Label], [Field08Type], [Field09Label], [Field09Type], [Field10Label], [Field10Type], [DateCreated], [UserName], [InactiveInd], [ActiveDate], [ChgStamp], [MeterNumberRequired], [MeterNumberLength], [AnnualUsageMin], [Qualifier], [EdiCapable], [WholeSaleMktID], [Phone], [RateCodeRequired], [HasZones], [ZoneDefault], [Field11Label], [Field11Type], [Field12Label], [Field12Type], [Field13Label], [Field13Type], [Field14Label], [Field14Type], [Field15Label], [Field15Type], [RateCodeFormat], [RateCodeFields], [LegacyName], [SSNIsRequired], [PricingModeID], [isIDR_EDI_Capable], [HU_RequestType], [MultipleMeters], [MeterReadOverlap], [AutoApproval], [DeliveryLocationRefID], [DefaultProfileRefID], [SettlementLocationRefID]) VALUES (55, N'PECO', N'PECO ENERGY (EXELON)', N'PECO ENERGY (EXELON)', 8, N'007914468', N'LPH            ', 16, N'BR', 10, N'', N'NONE', N'CREDIT CHECK', N'YES', N'NONE', N'NONE', N'NONE', N'NONE', N'NONE', N'NONE', N'NONE', N'NONE', N'NONE', N'NONE', N'NONE', N'NONE', N'NONE', N'NONE', N'NONE', N'NONE', N'NONE', N'NONE', N'NONE', N'NONE', N'2010-05-07 14:18:24', N'libertypower\mbarrant                                                                                                                                                                                   ', N'0', N'2010-05-07 14:18:24', 0, 0, 0, 0, N'', 1, N'PJM', N'1-800-494-4000', 0, 0, 90, N'NONE', N'NONE', N'NONE', N'NONE', N'NONE', N'NONE', N'NONE', N'NONE', N'NONE', N'NONE', N'0', N'0', N'PECO ENERGY (EXELON)', 1, 3, 1, N'EDI       ', 0, 1, 1, NULL, NULL, NULL)
INSERT INTO [dbo].[UtilityLegacy] ([ID], [UtilityCode], [FullName], [ShortName], [MarketID], [DunsNumber], [EntityId], [EnrollmentLeadDays], [BillingType], [AccountLength], [AccountNumberPrefix], [LeadScreenProcess], [DealScreenProcess], [PorOption], [Field01Label], [Field01Type], [Field02Label], [Field02Type], [Field03Label], [Field03Type], [Field04Label], [Field04Type], [Field05Label], [Field05Type], [Field06Label], [Field06Type], [Field07Label], [Field07Type], [Field08Label], [Field08Type], [Field09Label], [Field09Type], [Field10Label], [Field10Type], [DateCreated], [UserName], [InactiveInd], [ActiveDate], [ChgStamp], [MeterNumberRequired], [MeterNumberLength], [AnnualUsageMin], [Qualifier], [EdiCapable], [WholeSaleMktID], [Phone], [RateCodeRequired], [HasZones], [ZoneDefault], [Field11Label], [Field11Type], [Field12Label], [Field12Type], [Field13Label], [Field13Type], [Field14Label], [Field14Type], [Field15Label], [Field15Type], [RateCodeFormat], [RateCodeFields], [LegacyName], [SSNIsRequired], [PricingModeID], [isIDR_EDI_Capable], [HU_RequestType], [MultipleMeters], [MeterReadOverlap], [AutoApproval], [DeliveryLocationRefID], [DefaultProfileRefID], [SettlementLocationRefID]) VALUES (56, N'WPP', N'WEST PENN POWER (ALLEGHENY)', N'', 8, N'007911050EDC', N'LPH-PA4', 11, N'DUAL', 20, N'080', N'NONE', N'CREDIT CHECK', N'NO', N'NONE', N'NONE', N'NONE', N'NONE', N'NONE', N'NONE', N'NONE', N'NONE', N'NONE', N'NONE', N'NONE', N'NONE', N'NONE', N'NONE', N'NONE', N'NONE', N'NONE', N'NONE', N'NONE', N'NONE', N'2010-05-07 14:20:42', N'LIBERTYPOWER\sscott                                                                                                                                                                                     ', N'0', N'2010-05-07 14:20:42', 0, 0, 0, 0, N'', 1, N'PJM', N'1-800-686-0021', 0, 0, 0, N'NONE', N'NONE', N'NONE', N'NONE', N'NONE', N'NONE', N'NONE', N'NONE', N'NONE', N'NONE', N'0', N'0', N'WEST PENN POWER (ALLEGHENY)', 1, 3, NULL, N'EDI       ', 0, 1, NULL, NULL, NULL, NULL)
INSERT INTO [dbo].[UtilityLegacy] ([ID], [UtilityCode], [FullName], [ShortName], [MarketID], [DunsNumber], [EntityId], [EnrollmentLeadDays], [BillingType], [AccountLength], [AccountNumberPrefix], [LeadScreenProcess], [DealScreenProcess], [PorOption], [Field01Label], [Field01Type], [Field02Label], [Field02Type], [Field03Label], [Field03Type], [Field04Label], [Field04Type], [Field05Label], [Field05Type], [Field06Label], [Field06Type], [Field07Label], [Field07Type], [Field08Label], [Field08Type], [Field09Label], [Field09Type], [Field10Label], [Field10Type], [DateCreated], [UserName], [InactiveInd], [ActiveDate], [ChgStamp], [MeterNumberRequired], [MeterNumberLength], [AnnualUsageMin], [Qualifier], [EdiCapable], [WholeSaleMktID], [Phone], [RateCodeRequired], [HasZones], [ZoneDefault], [Field11Label], [Field11Type], [Field12Label], [Field12Type], [Field13Label], [Field13Type], [Field14Label], [Field14Type], [Field15Label], [Field15Type], [RateCodeFormat], [RateCodeFields], [LegacyName], [SSNIsRequired], [PricingModeID], [isIDR_EDI_Capable], [HU_RequestType], [MultipleMeters], [MeterReadOverlap], [AutoApproval], [DeliveryLocationRefID], [DefaultProfileRefID], [SettlementLocationRefID]) VALUES (58, N'OHP', N'AEP OHIO POWER', N'AEP OHIO POWER', 16, N'002899953', N'LPH', 12, N'BR', 17, N'', N'NONE', N'CREDIT CHECK', N'NO', NULL, NULL, NULL, NULL, NULL, NULL, NULL, NULL, NULL, NULL, NULL, NULL, NULL, NULL, NULL, NULL, NULL, NULL, NULL, NULL, N'2012-04-26 00:00:00', N'LIBERTYPOWER\e3hernandez                                                                                                                                                                                ', N'0', N'2012-05-01 00:00:00', 0, 0, 0, 0, N'', 1, N'PJM', N'', 0, 0, 102, NULL, NULL, NULL, NULL, NULL, NULL, NULL, NULL, NULL, NULL, N'0', N'0', N'OHIO POWER', 1, 3, NULL, N'EDI       ', 0, NULL, NULL, NULL, NULL, NULL)
INSERT INTO [dbo].[UtilityLegacy] ([ID], [UtilityCode], [FullName], [ShortName], [MarketID], [DunsNumber], [EntityId], [EnrollmentLeadDays], [BillingType], [AccountLength], [AccountNumberPrefix], [LeadScreenProcess], [DealScreenProcess], [PorOption], [Field01Label], [Field01Type], [Field02Label], [Field02Type], [Field03Label], [Field03Type], [Field04Label], [Field04Type], [Field05Label], [Field05Type], [Field06Label], [Field06Type], [Field07Label], [Field07Type], [Field08Label], [Field08Type], [Field09Label], [Field09Type], [Field10Label], [Field10Type], [DateCreated], [UserName], [InactiveInd], [ActiveDate], [ChgStamp], [MeterNumberRequired], [MeterNumberLength], [AnnualUsageMin], [Qualifier], [EdiCapable], [WholeSaleMktID], [Phone], [RateCodeRequired], [HasZones], [ZoneDefault], [Field11Label], [Field11Type], [Field12Label], [Field12Type], [Field13Label], [Field13Type], [Field14Label], [Field14Type], [Field15Label], [Field15Type], [RateCodeFormat], [RateCodeFields], [LegacyName], [SSNIsRequired], [PricingModeID], [isIDR_EDI_Capable], [HU_RequestType], [MultipleMeters], [MeterReadOverlap], [AutoApproval], [DeliveryLocationRefID], [DefaultProfileRefID], [SettlementLocationRefID]) VALUES (59, N'CSP', N'AEP COLUMBUS SOUTHERN POWER', N'AEP COLUMBUS SOUTHERN POWER', 16, N'007901739', N'LPH', 12, N'BR', 17, N'', N'NONE', N'CREDIT CHECK', N'NO', NULL, NULL, NULL, NULL, NULL, NULL, NULL, NULL, NULL, NULL, NULL, NULL, NULL, NULL, NULL, NULL, NULL, NULL, NULL, NULL, N'2012-04-26 00:00:00', N'libertypower\dmarino                                                                                                                                                                                    ', N'0', N'2012-05-01 00:00:00', 0, 0, 0, 0, N'', 1, N'PJM', NULL, 0, 0, 103, NULL, NULL, NULL, NULL, NULL, NULL, NULL, NULL, NULL, NULL, N'0', N'0', N'COLUMBUS SOUTHERN POWER', 1, 3, NULL, N'EDI       ', 0, NULL, NULL, NULL, NULL, NULL)
INSERT INTO [dbo].[UtilityLegacy] ([ID], [UtilityCode], [FullName], [ShortName], [MarketID], [DunsNumber], [EntityId], [EnrollmentLeadDays], [BillingType], [AccountLength], [AccountNumberPrefix], [LeadScreenProcess], [DealScreenProcess], [PorOption], [Field01Label], [Field01Type], [Field02Label], [Field02Type], [Field03Label], [Field03Type], [Field04Label], [Field04Type], [Field05Label], [Field05Type], [Field06Label], [Field06Type], [Field07Label], [Field07Type], [Field08Label], [Field08Type], [Field09Label], [Field09Type], [Field10Label], [Field10Type], [DateCreated], [UserName], [InactiveInd], [ActiveDate], [ChgStamp], [MeterNumberRequired], [MeterNumberLength], [AnnualUsageMin], [Qualifier], [EdiCapable], [WholeSaleMktID], [Phone], [RateCodeRequired], [HasZones], [ZoneDefault], [Field11Label], [Field11Type], [Field12Label], [Field12Type], [Field13Label], [Field13Type], [Field14Label], [Field14Type], [Field15Label], [Field15Type], [RateCodeFormat], [RateCodeFields], [LegacyName], [SSNIsRequired], [PricingModeID], [isIDR_EDI_Capable], [HU_RequestType], [MultipleMeters], [MeterReadOverlap], [AutoApproval], [DeliveryLocationRefID], [DefaultProfileRefID], [SettlementLocationRefID]) VALUES (60, N'DUKE', N'DUKE ENERGY', N'', 16, N'006999189', N'LPH', 12, N'RR', 10, N'', N'NONE', N'CREDIT CHECK', N'YES', NULL, NULL, NULL, NULL, NULL, NULL, NULL, NULL, NULL, NULL, NULL, NULL, NULL, NULL, NULL, NULL, NULL, NULL, NULL, NULL, N'2012-06-11 16:25:46', N'libertypower\astudzinska                                                                                                                                                                                ', N'0', N'2012-06-11 16:25:46', 0, 0, 0, 0, N'', 1, N'PJM', N'', 0, 0, 104, NULL, NULL, NULL, NULL, NULL, NULL, NULL, NULL, NULL, NULL, N'2', N'1', N'DUKE ENERGY', 1, 1, NULL, N'EDI       ', 0, NULL, 1, NULL, NULL, NULL)
INSERT INTO [dbo].[UtilityLegacy] ([ID], [UtilityCode], [FullName], [ShortName], [MarketID], [DunsNumber], [EntityId], [EnrollmentLeadDays], [BillingType], [AccountLength], [AccountNumberPrefix], [LeadScreenProcess], [DealScreenProcess], [PorOption], [Field01Label], [Field01Type], [Field02Label], [Field02Type], [Field03Label], [Field03Type], [Field04Label], [Field04Type], [Field05Label], [Field05Type], [Field06Label], [Field06Type], [Field07Label], [Field07Type], [Field08Label], [Field08Type], [Field09Label], [Field09Type], [Field10Label], [Field10Type], [DateCreated], [UserName], [InactiveInd], [ActiveDate], [ChgStamp], [MeterNumberRequired], [MeterNumberLength], [AnnualUsageMin], [Qualifier], [EdiCapable], [WholeSaleMktID], [Phone], [RateCodeRequired], [HasZones], [ZoneDefault], [Field11Label], [Field11Type], [Field12Label], [Field12Type], [Field13Label], [Field13Type], [Field14Label], [Field14Type], [Field15Label], [Field15Type], [RateCodeFormat], [RateCodeFields], [LegacyName], [SSNIsRequired], [PricingModeID], [isIDR_EDI_Capable], [HU_RequestType], [MultipleMeters], [MeterReadOverlap], [AutoApproval], [DeliveryLocationRefID], [DefaultProfileRefID], [SettlementLocationRefID]) VALUES (61, N'DAYTON', N'DAYTON POWER & LIGHT', N'DAYTON POWER & LIGHT', 16, N'147212336', N'LPH', 12, N'BR', 10, N'', N'NONE', N'CREDIT CHECK', N'NO', NULL, NULL, NULL, NULL, NULL, NULL, NULL, NULL, NULL, NULL, NULL, NULL, NULL, NULL, NULL, NULL, NULL, NULL, NULL, NULL, N'2012-06-11 16:29:59', N'LIBERTYPOWER\dmarino                                                                                                                                                                                    ', N'0', N'2012-06-11 16:29:59', 0, 0, 0, 0, N'', 1, N'PJM', N'', 0, 0, 105, NULL, NULL, NULL, NULL, NULL, NULL, NULL, NULL, NULL, NULL, N'0', N'0', N'DAYTON POWER & LIGHT', 1, 1, NULL, N'EDI       ', 0, NULL, NULL, NULL, NULL, NULL)
INSERT INTO [dbo].[UtilityLegacy] ([ID], [UtilityCode], [FullName], [ShortName], [MarketID], [DunsNumber], [EntityId], [EnrollmentLeadDays], [BillingType], [AccountLength], [AccountNumberPrefix], [LeadScreenProcess], [DealScreenProcess], [PorOption], [Field01Label], [Field01Type], [Field02Label], [Field02Type], [Field03Label], [Field03Type], [Field04Label], [Field04Type], [Field05Label], [Field05Type], [Field06Label], [Field06Type], [Field07Label], [Field07Type], [Field08Label], [Field08Type], [Field09Label], [Field09Type], [Field10Label], [Field10Type], [DateCreated], [UserName], [InactiveInd], [ActiveDate], [ChgStamp], [MeterNumberRequired], [MeterNumberLength], [AnnualUsageMin], [Qualifier], [EdiCapable], [WholeSaleMktID], [Phone], [RateCodeRequired], [HasZones], [ZoneDefault], [Field11Label], [Field11Type], [Field12Label], [Field12Type], [Field13Label], [Field13Type], [Field14Label], [Field14Type], [Field15Label], [Field15Type], [RateCodeFormat], [RateCodeFields], [LegacyName], [SSNIsRequired], [PricingModeID], [isIDR_EDI_Capable], [HU_RequestType], [MultipleMeters], [MeterReadOverlap], [AutoApproval], [DeliveryLocationRefID], [DefaultProfileRefID], [SettlementLocationRefID]) VALUES (62, N'CEI', N'CLEVELAND ILLUMINATING', N'CLEVELAND ILLUMINATING', 16, N'007900293', N'LPHOH01', 12, N'BR', 20, N'080', N'NONE', N'CREDIT CHECK', N'NO', NULL, NULL, NULL, NULL, NULL, NULL, NULL, NULL, NULL, NULL, NULL, NULL, NULL, NULL, NULL, NULL, NULL, NULL, NULL, NULL, N'2012-06-29 14:58:28', N'LIBERTYPOWER\sclark                                                                                                                                                                                     ', N'0', N'2012-06-29 14:58:28', 0, 0, 0, 0, N'', 1, N'PJM', N'', 0, 0, 106, NULL, NULL, NULL, NULL, NULL, NULL, NULL, NULL, NULL, NULL, N'0', N'0', N'CLEVELAND ', 1, 1, NULL, N'EDI       ', 0, NULL, NULL, NULL, NULL, NULL)
INSERT INTO [dbo].[UtilityLegacy] ([ID], [UtilityCode], [FullName], [ShortName], [MarketID], [DunsNumber], [EntityId], [EnrollmentLeadDays], [BillingType], [AccountLength], [AccountNumberPrefix], [LeadScreenProcess], [DealScreenProcess], [PorOption], [Field01Label], [Field01Type], [Field02Label], [Field02Type], [Field03Label], [Field03Type], [Field04Label], [Field04Type], [Field05Label], [Field05Type], [Field06Label], [Field06Type], [Field07Label], [Field07Type], [Field08Label], [Field08Type], [Field09Label], [Field09Type], [Field10Label], [Field10Type], [DateCreated], [UserName], [InactiveInd], [ActiveDate], [ChgStamp], [MeterNumberRequired], [MeterNumberLength], [AnnualUsageMin], [Qualifier], [EdiCapable], [WholeSaleMktID], [Phone], [RateCodeRequired], [HasZones], [ZoneDefault], [Field11Label], [Field11Type], [Field12Label], [Field12Type], [Field13Label], [Field13Type], [Field14Label], [Field14Type], [Field15Label], [Field15Type], [RateCodeFormat], [RateCodeFields], [LegacyName], [SSNIsRequired], [PricingModeID], [isIDR_EDI_Capable], [HU_RequestType], [MultipleMeters], [MeterReadOverlap], [AutoApproval], [DeliveryLocationRefID], [DefaultProfileRefID], [SettlementLocationRefID]) VALUES (63, N'TOLED', N'TOLEDO EDISON', N'TOLEDO EDISON', 16, N'007904626', N'LPHOH01', 12, N'BR', 20, N'080', N'NONE', N'CREDIT CHECK', N'NO', NULL, NULL, NULL, NULL, NULL, NULL, NULL, NULL, NULL, NULL, NULL, NULL, NULL, NULL, NULL, NULL, NULL, NULL, NULL, NULL, N'2012-06-29 15:00:50', N'LIBERTYPOWER\sclark                                                                                                                                                                                     ', N'0', N'2012-06-29 15:00:50', 0, 0, 0, 0, N'', 1, N'PJM', N'', 0, 0, 112, NULL, NULL, NULL, NULL, NULL, NULL, NULL, NULL, NULL, NULL, N'0', N'0', N'TOLEDO EDISON', 1, 1, NULL, N'EDI       ', 0, NULL, NULL, NULL, NULL, NULL)
INSERT INTO [dbo].[UtilityLegacy] ([ID], [UtilityCode], [FullName], [ShortName], [MarketID], [DunsNumber], [EntityId], [EnrollmentLeadDays], [BillingType], [AccountLength], [AccountNumberPrefix], [LeadScreenProcess], [DealScreenProcess], [PorOption], [Field01Label], [Field01Type], [Field02Label], [Field02Type], [Field03Label], [Field03Type], [Field04Label], [Field04Type], [Field05Label], [Field05Type], [Field06Label], [Field06Type], [Field07Label], [Field07Type], [Field08Label], [Field08Type], [Field09Label], [Field09Type], [Field10Label], [Field10Type], [DateCreated], [UserName], [InactiveInd], [ActiveDate], [ChgStamp], [MeterNumberRequired], [MeterNumberLength], [AnnualUsageMin], [Qualifier], [EdiCapable], [WholeSaleMktID], [Phone], [RateCodeRequired], [HasZones], [ZoneDefault], [Field11Label], [Field11Type], [Field12Label], [Field12Type], [Field13Label], [Field13Type], [Field14Label], [Field14Type], [Field15Label], [Field15Type], [RateCodeFormat], [RateCodeFields], [LegacyName], [SSNIsRequired], [PricingModeID], [isIDR_EDI_Capable], [HU_RequestType], [MultipleMeters], [MeterReadOverlap], [AutoApproval], [DeliveryLocationRefID], [DefaultProfileRefID], [SettlementLocationRefID]) VALUES (64, N'OHED', N'OHIO EDISON', N'OHIO EDISON', 16, N'006998371', N'LPHOH01', 12, N'BR', 20, N'080', N'NONE', N'CREDIT CHECK', N'NO', NULL, NULL, NULL, NULL, NULL, NULL, NULL, NULL, NULL, NULL, NULL, NULL, NULL, NULL, NULL, NULL, NULL, NULL, NULL, NULL, N'2012-06-29 15:01:58', N'LIBERTYPOWER\sclark                                                                                                                                                                                     ', N'0', N'2012-06-29 15:01:58', 0, 0, 0, 0, N'', 1, N'PJM', N'', 0, 0, 109, NULL, NULL, NULL, NULL, NULL, NULL, NULL, NULL, NULL, NULL, N'0', N'0', N'OHIO EDISON', 1, 1, NULL, N'EDI       ', 0, NULL, NULL, NULL, NULL, NULL)
INSERT INTO [dbo].[UtilityLegacy] ([ID], [UtilityCode], [FullName], [ShortName], [MarketID], [DunsNumber], [EntityId], [EnrollmentLeadDays], [BillingType], [AccountLength], [AccountNumberPrefix], [LeadScreenProcess], [DealScreenProcess], [PorOption], [Field01Label], [Field01Type], [Field02Label], [Field02Type], [Field03Label], [Field03Type], [Field04Label], [Field04Type], [Field05Label], [Field05Type], [Field06Label], [Field06Type], [Field07Label], [Field07Type], [Field08Label], [Field08Type], [Field09Label], [Field09Type], [Field10Label], [Field10Type], [DateCreated], [UserName], [InactiveInd], [ActiveDate], [ChgStamp], [MeterNumberRequired], [MeterNumberLength], [AnnualUsageMin], [Qualifier], [EdiCapable], [WholeSaleMktID], [Phone], [RateCodeRequired], [HasZones], [ZoneDefault], [Field11Label], [Field11Type], [Field12Label], [Field12Type], [Field13Label], [Field13Type], [Field14Label], [Field14Type], [Field15Label], [Field15Type], [RateCodeFormat], [RateCodeFields], [LegacyName], [SSNIsRequired], [PricingModeID], [isIDR_EDI_Capable], [HU_RequestType], [MultipleMeters], [MeterReadOverlap], [AutoApproval], [DeliveryLocationRefID], [DefaultProfileRefID], [SettlementLocationRefID]) VALUES (65, N'a4d16f50-756e-4006-940d-9bfad111f4d1', N'9C8B360B-1CC9-494D-93E2-C80DC662D134', N'', 23, N'e5ce3235-8b3b-4464-82df-e23f0e', N'bbf3e91b-dc46-4', 68, N'7dcd2ec9-9f3a-4', 4, N'596', N'244184f3-5371-4', N'49641365-84a4-4', N'cb0', NULL, NULL, NULL, NULL, NULL, NULL, NULL, NULL, NULL, NULL, NULL, NULL, NULL, NULL, NULL, NULL, NULL, NULL, NULL, NULL, N'2013-05-23 13:51:05', N'7b445b0a-fcbd-47e6-ad9a-f867d616a156                                                                                                                                                                    ', N'0', N'2013-05-23 13:51:05', 0, 0, 0, 0, N'', 0, N'', N'a941fbfb-9114-4709-909f-937b0d', 0, 0, 0, NULL, NULL, NULL, NULL, NULL, NULL, NULL, NULL, NULL, NULL, N'0', N'0', N'9C8B360B-1CC9-494D-93E2-C80DC662D134', 1, 1, NULL, NULL, NULL, NULL, NULL, NULL, NULL, NULL)
INSERT INTO [dbo].[UtilityLegacy] ([ID], [UtilityCode], [FullName], [ShortName], [MarketID], [DunsNumber], [EntityId], [EnrollmentLeadDays], [BillingType], [AccountLength], [AccountNumberPrefix], [LeadScreenProcess], [DealScreenProcess], [PorOption], [Field01Label], [Field01Type], [Field02Label], [Field02Type], [Field03Label], [Field03Type], [Field04Label], [Field04Type], [Field05Label], [Field05Type], [Field06Label], [Field06Type], [Field07Label], [Field07Type], [Field08Label], [Field08Type], [Field09Label], [Field09Type], [Field10Label], [Field10Type], [DateCreated], [UserName], [InactiveInd], [ActiveDate], [ChgStamp], [MeterNumberRequired], [MeterNumberLength], [AnnualUsageMin], [Qualifier], [EdiCapable], [WholeSaleMktID], [Phone], [RateCodeRequired], [HasZones], [ZoneDefault], [Field11Label], [Field11Type], [Field12Label], [Field12Type], [Field13Label], [Field13Type], [Field14Label], [Field14Type], [Field15Label], [Field15Type], [RateCodeFormat], [RateCodeFields], [LegacyName], [SSNIsRequired], [PricingModeID], [isIDR_EDI_Capable], [HU_RequestType], [MultipleMeters], [MeterReadOverlap], [AutoApproval], [DeliveryLocationRefID], [DefaultProfileRefID], [SettlementLocationRefID]) VALUES (66, N'5065ed70-aac1-4', N'6B6A0E16-4978-4', N'', 69, N'cc374d33-32c1-4', N'c3eb9e90-cf58-4', 68, N'8a9c48dc-412f-4', 2, N'4', N'cde04d1a-c129-4', N'8bf6a0e4-79e0-4', N'25f', NULL, NULL, NULL, NULL, NULL, NULL, NULL, NULL, NULL, NULL, NULL, NULL, NULL, NULL, NULL, NULL, NULL, NULL, NULL, NULL, N'2013-05-23 13:55:36', N'77bbc0f7-1280-4                                                                                                                                                                                         ', N'0', N'2013-05-23 13:55:36', 0, 0, 0, 0, N'', 0, N'', N'46f3a74a-41b3-4c5f-ba45-d30dea', 0, 0, 0, NULL, NULL, NULL, NULL, NULL, NULL, NULL, NULL, NULL, NULL, N'0', N'0', N'6B6A0E16-4978-4', 1, 1, NULL, NULL, NULL, NULL, NULL, NULL, NULL, NULL)
INSERT INTO [dbo].[UtilityLegacy] ([ID], [UtilityCode], [FullName], [ShortName], [MarketID], [DunsNumber], [EntityId], [EnrollmentLeadDays], [BillingType], [AccountLength], [AccountNumberPrefix], [LeadScreenProcess], [DealScreenProcess], [PorOption], [Field01Label], [Field01Type], [Field02Label], [Field02Type], [Field03Label], [Field03Type], [Field04Label], [Field04Type], [Field05Label], [Field05Type], [Field06Label], [Field06Type], [Field07Label], [Field07Type], [Field08Label], [Field08Type], [Field09Label], [Field09Type], [Field10Label], [Field10Type], [DateCreated], [UserName], [InactiveInd], [ActiveDate], [ChgStamp], [MeterNumberRequired], [MeterNumberLength], [AnnualUsageMin], [Qualifier], [EdiCapable], [WholeSaleMktID], [Phone], [RateCodeRequired], [HasZones], [ZoneDefault], [Field11Label], [Field11Type], [Field12Label], [Field12Type], [Field13Label], [Field13Type], [Field14Label], [Field14Type], [Field15Label], [Field15Type], [RateCodeFormat], [RateCodeFields], [LegacyName], [SSNIsRequired], [PricingModeID], [isIDR_EDI_Capable], [HU_RequestType], [MultipleMeters], [MeterReadOverlap], [AutoApproval], [DeliveryLocationRefID], [DefaultProfileRefID], [SettlementLocationRefID]) VALUES (67, N'207936ea-a2a1-4', N'2B8368D2-6EAA-4', N'', 94, N'9223d9a1-1b21-4', N'0a298fe2-b9b2-4', 43, N'021ed697-a890-4', 3, N'465', N'610b890a-d8f3-4', N'6b36cf89-02de-4', N'f5a', NULL, NULL, NULL, NULL, NULL, NULL, NULL, NULL, NULL, NULL, NULL, NULL, NULL, NULL, NULL, NULL, NULL, NULL, NULL, NULL, N'2013-05-23 15:10:26', N'feae701e-f31f-4                                                                                                                                                                                         ', N'0', N'2013-05-23 15:10:26', 0, 0, 0, 0, N'', 0, N'', N'69002df7-4b7f-4a0f-8694-b75ce5', 0, 0, 0, NULL, NULL, NULL, NULL, NULL, NULL, NULL, NULL, NULL, NULL, N'0', N'0', N'2B8368D2-6EAA-4', 1, 1, NULL, NULL, NULL, NULL, NULL, NULL, NULL, NULL)
INSERT INTO [dbo].[UtilityLegacy] ([ID], [UtilityCode], [FullName], [ShortName], [MarketID], [DunsNumber], [EntityId], [EnrollmentLeadDays], [BillingType], [AccountLength], [AccountNumberPrefix], [LeadScreenProcess], [DealScreenProcess], [PorOption], [Field01Label], [Field01Type], [Field02Label], [Field02Type], [Field03Label], [Field03Type], [Field04Label], [Field04Type], [Field05Label], [Field05Type], [Field06Label], [Field06Type], [Field07Label], [Field07Type], [Field08Label], [Field08Type], [Field09Label], [Field09Type], [Field10Label], [Field10Type], [DateCreated], [UserName], [InactiveInd], [ActiveDate], [ChgStamp], [MeterNumberRequired], [MeterNumberLength], [AnnualUsageMin], [Qualifier], [EdiCapable], [WholeSaleMktID], [Phone], [RateCodeRequired], [HasZones], [ZoneDefault], [Field11Label], [Field11Type], [Field12Label], [Field12Type], [Field13Label], [Field13Type], [Field14Label], [Field14Type], [Field15Label], [Field15Type], [RateCodeFormat], [RateCodeFields], [LegacyName], [SSNIsRequired], [PricingModeID], [isIDR_EDI_Capable], [HU_RequestType], [MultipleMeters], [MeterReadOverlap], [AutoApproval], [DeliveryLocationRefID], [DefaultProfileRefID], [SettlementLocationRefID]) VALUES (69, N'4e08f050-9ccc-4', N'CEA66593-548E-4', N'', 60, N'4856c553-2eac-4', N'0b1986ab-d0e8-4', 75, N'7521125d-afdf-4', 2, N'828', N'10b24db5-d5ef-4', N'0b287964-12e4-4', N'5a9', NULL, NULL, NULL, NULL, NULL, NULL, NULL, NULL, NULL, NULL, NULL, NULL, NULL, NULL, NULL, NULL, NULL, NULL, NULL, NULL, N'2013-05-23 15:13:00', N'6a2bc0c1-47a7-4                                                                                                                                                                                         ', N'0', N'2013-05-23 15:13:00', 0, 0, 0, 0, N'', 0, N'', N'66180631-ef18-4f23-a8e0-45015f', 0, 0, 0, NULL, NULL, NULL, NULL, NULL, NULL, NULL, NULL, NULL, NULL, N'0', N'0', N'CEA66593-548E-4', 1, 1, NULL, NULL, NULL, NULL, NULL, NULL, NULL, NULL)
INSERT INTO [dbo].[UtilityLegacy] ([ID], [UtilityCode], [FullName], [ShortName], [MarketID], [DunsNumber], [EntityId], [EnrollmentLeadDays], [BillingType], [AccountLength], [AccountNumberPrefix], [LeadScreenProcess], [DealScreenProcess], [PorOption], [Field01Label], [Field01Type], [Field02Label], [Field02Type], [Field03Label], [Field03Type], [Field04Label], [Field04Type], [Field05Label], [Field05Type], [Field06Label], [Field06Type], [Field07Label], [Field07Type], [Field08Label], [Field08Type], [Field09Label], [Field09Type], [Field10Label], [Field10Type], [DateCreated], [UserName], [InactiveInd], [ActiveDate], [ChgStamp], [MeterNumberRequired], [MeterNumberLength], [AnnualUsageMin], [Qualifier], [EdiCapable], [WholeSaleMktID], [Phone], [RateCodeRequired], [HasZones], [ZoneDefault], [Field11Label], [Field11Type], [Field12Label], [Field12Type], [Field13Label], [Field13Type], [Field14Label], [Field14Type], [Field15Label], [Field15Type], [RateCodeFormat], [RateCodeFields], [LegacyName], [SSNIsRequired], [PricingModeID], [isIDR_EDI_Capable], [HU_RequestType], [MultipleMeters], [MeterReadOverlap], [AutoApproval], [DeliveryLocationRefID], [DefaultProfileRefID], [SettlementLocationRefID]) VALUES (70, N'8e86b611-607f-4', N'EAB704BE-2082-4', N'', 64, N'b895ddc4-d1f2-4', N'8f11e5a8-0161-4', 80, N'bb031852-a8c3-4', 4, N'586', N'72df64e5-7f05-4', N'db389701-faca-4', N'54e', NULL, NULL, NULL, NULL, NULL, NULL, NULL, NULL, NULL, NULL, NULL, NULL, NULL, NULL, NULL, NULL, NULL, NULL, NULL, NULL, N'2013-05-24 09:53:31', N'a100025a-b7cf-4                                                                                                                                                                                         ', N'0', N'2013-05-24 09:53:31', 0, 0, 0, 0, N'', 0, N'', N'ebede4c6-c768-44c9-9811-5aa256', 0, 0, 0, NULL, NULL, NULL, NULL, NULL, NULL, NULL, NULL, NULL, NULL, N'0', N'0', N'EAB704BE-2082-4', 1, 1, NULL, NULL, NULL, NULL, NULL, NULL, NULL, NULL)
INSERT INTO [dbo].[UtilityLegacy] ([ID], [UtilityCode], [FullName], [ShortName], [MarketID], [DunsNumber], [EntityId], [EnrollmentLeadDays], [BillingType], [AccountLength], [AccountNumberPrefix], [LeadScreenProcess], [DealScreenProcess], [PorOption], [Field01Label], [Field01Type], [Field02Label], [Field02Type], [Field03Label], [Field03Type], [Field04Label], [Field04Type], [Field05Label], [Field05Type], [Field06Label], [Field06Type], [Field07Label], [Field07Type], [Field08Label], [Field08Type], [Field09Label], [Field09Type], [Field10Label], [Field10Type], [DateCreated], [UserName], [InactiveInd], [ActiveDate], [ChgStamp], [MeterNumberRequired], [MeterNumberLength], [AnnualUsageMin], [Qualifier], [EdiCapable], [WholeSaleMktID], [Phone], [RateCodeRequired], [HasZones], [ZoneDefault], [Field11Label], [Field11Type], [Field12Label], [Field12Type], [Field13Label], [Field13Type], [Field14Label], [Field14Type], [Field15Label], [Field15Type], [RateCodeFormat], [RateCodeFields], [LegacyName], [SSNIsRequired], [PricingModeID], [isIDR_EDI_Capable], [HU_RequestType], [MultipleMeters], [MeterReadOverlap], [AutoApproval], [DeliveryLocationRefID], [DefaultProfileRefID], [SettlementLocationRefID]) VALUES (71, N'b7051d89-5ec9-4', N'4C160327-06BC-4', N'', 58, N'fa21ed8d-dd71-4', N'323390c6-e7f8-4', 15, N'c199394c-d4a8-4', 3, N'569', N'e8dbfe5d-d9af-4', N'810fda1a-fbd6-4', N'8c5', NULL, NULL, NULL, NULL, NULL, NULL, NULL, NULL, NULL, NULL, NULL, NULL, NULL, NULL, NULL, NULL, NULL, NULL, NULL, NULL, N'2013-05-24 09:54:37', N'ebcab0ed-75c3-4                                                                                                                                                                                         ', N'0', N'2013-05-24 09:54:37', 0, 0, 0, 0, N'', 0, N'', N'62d33b06-640d-42ef-b581-770c47', 0, 0, 0, NULL, NULL, NULL, NULL, NULL, NULL, NULL, NULL, NULL, NULL, N'0', N'0', N'4C160327-06BC-4', 1, 1, NULL, NULL, NULL, NULL, NULL, NULL, NULL, NULL)
SET IDENTITY_INSERT [dbo].[UtilityLegacy] OFF













insert into utilitycompanytoutilitylegacy (id,utilitycompanyid,utilitylegacyid,inactive,createdby,createddate,lastmodifiedby,lastmodifieddate)values('D45530B0-FC95-4614-8A3C-DC4F535217AD','188C8A0C-EA68-4177-90FD-426F2DB3A4D1',1,0,'InsertScript','Oct 11 2013 12:59PM','InsertScript','Oct 11 2013 12:59PM')
insert into utilitycompanytoutilitylegacy (id,utilitycompanyid,utilitylegacyid,inactive,createdby,createddate,lastmodifiedby,lastmodifieddate)values('BDC7B3C5-F245-47D5-9983-7BB9252ABAB8','EAB6A123-8715-43FA-99A1-E1C5AF1DC99D',2,0,'InsertScript','Oct 11 2013 12:59PM','InsertScript','Oct 11 2013 12:59PM')
insert into utilitycompanytoutilitylegacy (id,utilitycompanyid,utilitylegacyid,inactive,createdby,createddate,lastmodifiedby,lastmodifieddate)values('5310D22B-0664-4873-9C14-9B24634CAEFB','17354A6D-10D4-416F-8CBB-3FFE07A34A45',3,0,'InsertScript','Oct 11 2013 12:59PM','InsertScript','Oct 11 2013 12:59PM')
insert into utilitycompanytoutilitylegacy (id,utilitycompanyid,utilitylegacyid,inactive,createdby,createddate,lastmodifiedby,lastmodifieddate)values('F21E8FA0-14D1-4FFC-B9D4-3C6D7408B992','B8126F35-AE51-4BAD-9DF7-59091AEC3DDE',4,0,'InsertScript','Oct 11 2013 12:59PM','InsertScript','Oct 11 2013 12:59PM')
insert into utilitycompanytoutilitylegacy (id,utilitycompanyid,utilitylegacyid,inactive,createdby,createddate,lastmodifiedby,lastmodifieddate)values('6482931F-E446-46C3-8BAC-348006F307F3','6B3ADBF4-EE09-4F59-9869-D118430D0243',5,0,'InsertScript','Oct 11 2013 12:59PM','InsertScript','Oct 11 2013 12:59PM')
insert into utilitycompanytoutilitylegacy (id,utilitycompanyid,utilitylegacyid,inactive,createdby,createddate,lastmodifiedby,lastmodifieddate)values('AEC4A01A-C9A3-4799-AF7C-7F51586B4964','CF1FDA97-9464-445D-8F8B-C23D0C4B7B9D',8,0,'InsertScript','Oct 11 2013 12:59PM','InsertScript','Oct 11 2013 12:59PM')
insert into utilitycompanytoutilitylegacy (id,utilitycompanyid,utilitylegacyid,inactive,createdby,createddate,lastmodifiedby,lastmodifieddate)values('8F3F8709-9087-4E5F-9C51-63D61E82B2CF','0AE1BFCA-26CF-423A-9F7A-BF95E30516C6',9,0,'InsertScript','Oct 11 2013 12:59PM','InsertScript','Oct 11 2013 12:59PM')
insert into utilitycompanytoutilitylegacy (id,utilitycompanyid,utilitylegacyid,inactive,createdby,createddate,lastmodifiedby,lastmodifieddate)values('5518C005-985B-432A-B4EE-C41F9952E128','781B0811-20F9-4DEC-814F-AC6111353D4E',10,0,'InsertScript','Oct 11 2013 12:59PM','InsertScript','Oct 11 2013 12:59PM')
insert into utilitycompanytoutilitylegacy (id,utilitycompanyid,utilitylegacyid,inactive,createdby,createddate,lastmodifiedby,lastmodifieddate)values('2AC106BE-A330-4E2F-B075-8540EC00E301','3BA9F09B-972B-4C10-8435-1BAA0989C042',11,0,'InsertScript','Oct 11 2013 12:59PM','InsertScript','Oct 11 2013 12:59PM')
insert into utilitycompanytoutilitylegacy (id,utilitycompanyid,utilitylegacyid,inactive,createdby,createddate,lastmodifiedby,lastmodifieddate)values('737F0FA0-C3C0-4A47-B45C-C46D9A36DC0C','02534F34-D68E-4FE8-B202-5544745C6493',12,0,'InsertScript','Oct 11 2013 12:59PM','InsertScript','Oct 11 2013 12:59PM')
insert into utilitycompanytoutilitylegacy (id,utilitycompanyid,utilitylegacyid,inactive,createdby,createddate,lastmodifiedby,lastmodifieddate)values('414B77F0-7D06-42EC-AEA5-95F30785A36F','9C5951A3-6EE6-4D59-B0CA-40F4EED134FF',13,0,'InsertScript','Oct 11 2013 12:59PM','InsertScript','Oct 11 2013 12:59PM')
insert into utilitycompanytoutilitylegacy (id,utilitycompanyid,utilitylegacyid,inactive,createdby,createddate,lastmodifiedby,lastmodifieddate)values('C4896C45-99AB-490C-B52C-6CDF1B5F5DF0','E04C8C49-3245-4E4D-A01B-1C95E8BC1DB1',14,0,'InsertScript','Oct 11 2013 12:59PM','InsertScript','Oct 11 2013 12:59PM')
insert into utilitycompanytoutilitylegacy (id,utilitycompanyid,utilitylegacyid,inactive,createdby,createddate,lastmodifiedby,lastmodifieddate)values('C426CF03-E7EC-4CD7-99CB-37BC7A49021B','53164C93-71B7-4104-BBF5-778BBA364DE5',15,0,'InsertScript','Oct 11 2013 12:59PM','InsertScript','Oct 11 2013 12:59PM')
insert into utilitycompanytoutilitylegacy (id,utilitycompanyid,utilitylegacyid,inactive,createdby,createddate,lastmodifiedby,lastmodifieddate)values('0D89D50F-3899-4BA7-A582-97D1D7C15C6D','44D86050-0962-4F7E-8A46-8F3B54A5FA87',16,0,'InsertScript','Oct 11 2013 12:59PM','InsertScript','Oct 11 2013 12:59PM')
insert into utilitycompanytoutilitylegacy (id,utilitycompanyid,utilitylegacyid,inactive,createdby,createddate,lastmodifiedby,lastmodifieddate)values('9581877F-F600-4236-A1FB-19EB31E5D813','6D629430-E9FA-411F-8DAC-ADBFCFBED101',17,0,'InsertScript','Oct 11 2013 12:59PM','InsertScript','Oct 11 2013 12:59PM')
insert into utilitycompanytoutilitylegacy (id,utilitycompanyid,utilitylegacyid,inactive,createdby,createddate,lastmodifiedby,lastmodifieddate)values('B7969A82-A910-4CDB-8A13-8A109395ADBA','B5752A99-D836-4E3F-AF1D-4F706A76B98A',18,0,'InsertScript','Oct 11 2013 12:59PM','InsertScript','Oct 11 2013 12:59PM')
insert into utilitycompanytoutilitylegacy (id,utilitycompanyid,utilitylegacyid,inactive,createdby,createddate,lastmodifiedby,lastmodifieddate)values('1F68DB81-C24A-4153-8C34-7F740C67FA38','50D6486E-7614-4D95-8BCE-ECB1AD45F65A',19,0,'InsertScript','Oct 11 2013 12:59PM','InsertScript','Oct 11 2013 12:59PM')
insert into utilitycompanytoutilitylegacy (id,utilitycompanyid,utilitylegacyid,inactive,createdby,createddate,lastmodifiedby,lastmodifieddate)values('6042A7A9-B612-4F56-A695-26BB98D771E3','5EAD28FF-99D6-4417-9903-1E259BBF773F',20,0,'InsertScript','Oct 11 2013 12:59PM','InsertScript','Oct 11 2013 12:59PM')
insert into utilitycompanytoutilitylegacy (id,utilitycompanyid,utilitylegacyid,inactive,createdby,createddate,lastmodifiedby,lastmodifieddate)values('9EBAF5E1-3347-4DEF-8F1D-9672CC97CAEC','BDD8C927-EE46-4640-8813-3D6D15DC3FA6',21,0,'InsertScript','Oct 11 2013 12:59PM','InsertScript','Oct 11 2013 12:59PM')
insert into utilitycompanytoutilitylegacy (id,utilitycompanyid,utilitylegacyid,inactive,createdby,createddate,lastmodifiedby,lastmodifieddate)values('7DD9F692-0E95-4F41-9D10-0C919D7EFC6D','DA779CCD-6632-402A-A4A6-E9D201E0B859',22,0,'InsertScript','Oct 11 2013 12:59PM','InsertScript','Oct 11 2013 12:59PM')
insert into utilitycompanytoutilitylegacy (id,utilitycompanyid,utilitylegacyid,inactive,createdby,createddate,lastmodifiedby,lastmodifieddate)values('F7ADE2DB-F4FE-48A0-98DF-01FA7A22814C','AA094633-2216-4501-A98B-53C2E40D67DF',23,0,'InsertScript','Oct 11 2013 12:59PM','InsertScript','Oct 11 2013 12:59PM')
insert into utilitycompanytoutilitylegacy (id,utilitycompanyid,utilitylegacyid,inactive,createdby,createddate,lastmodifiedby,lastmodifieddate)values('4B610E6D-1675-4313-BDB1-8FEABAF316C6','F631473B-491E-4BD6-B73D-0AB204CC8ED8',24,0,'InsertScript','Oct 11 2013 12:59PM','InsertScript','Oct 11 2013 12:59PM')
insert into utilitycompanytoutilitylegacy (id,utilitycompanyid,utilitylegacyid,inactive,createdby,createddate,lastmodifiedby,lastmodifieddate)values('D986F3B4-EE3C-4373-B135-7C8F08EC49A4','1D6A5BFA-09ED-401C-B3E2-E8BE8940A13E',25,0,'InsertScript','Oct 11 2013 12:59PM','InsertScript','Oct 11 2013 12:59PM')
insert into utilitycompanytoutilitylegacy (id,utilitycompanyid,utilitylegacyid,inactive,createdby,createddate,lastmodifiedby,lastmodifieddate)values('7D44E4B3-2E82-4E59-94D9-CE0D414494B6','66F9FA9E-9C41-462B-ABFC-EB6D17B38B15',26,0,'InsertScript','Oct 11 2013 12:59PM','InsertScript','Oct 11 2013 12:59PM')
insert into utilitycompanytoutilitylegacy (id,utilitycompanyid,utilitylegacyid,inactive,createdby,createddate,lastmodifiedby,lastmodifieddate)values('ACAAC564-E051-478C-B8D3-F5FC67764FBC','7F11CC94-5A53-44B8-9C6A-81D586822677',27,0,'InsertScript','Oct 11 2013 12:59PM','InsertScript','Oct 11 2013 12:59PM')
insert into utilitycompanytoutilitylegacy (id,utilitycompanyid,utilitylegacyid,inactive,createdby,createddate,lastmodifiedby,lastmodifieddate)values('55E9787D-B257-4366-986A-C23C044EA577','B26EB9B3-313C-485B-B42F-F39FD2C7D5DE',28,0,'InsertScript','Oct 11 2013 12:59PM','InsertScript','Oct 11 2013 12:59PM')
insert into utilitycompanytoutilitylegacy (id,utilitycompanyid,utilitylegacyid,inactive,createdby,createddate,lastmodifiedby,lastmodifieddate)values('6E31D19F-DC26-48B3-9944-CCEB137DC1F4','BD2A0627-0DD9-4446-BE8A-2A785AD2A6B8',29,0,'InsertScript','Oct 11 2013 12:59PM','InsertScript','Oct 11 2013 12:59PM')
insert into utilitycompanytoutilitylegacy (id,utilitycompanyid,utilitylegacyid,inactive,createdby,createddate,lastmodifiedby,lastmodifieddate)values('1F5EBF23-B34B-4511-94DB-AF5F8204FD47','9BBE244F-3154-492D-B898-0B10EE5BF928',30,0,'InsertScript','Oct 11 2013 12:59PM','InsertScript','Oct 11 2013 12:59PM')
insert into utilitycompanytoutilitylegacy (id,utilitycompanyid,utilitylegacyid,inactive,createdby,createddate,lastmodifiedby,lastmodifieddate)values('EBEEB6AA-2E72-4F22-ABF3-974670F9AE85','A3C6B621-C361-4123-BB2C-B79F9484632D',31,0,'InsertScript','Oct 11 2013 12:59PM','InsertScript','Oct 11 2013 12:59PM')
insert into utilitycompanytoutilitylegacy (id,utilitycompanyid,utilitylegacyid,inactive,createdby,createddate,lastmodifiedby,lastmodifieddate)values('C170DCD2-2D28-4A81-8522-65E5D7C9A63A','D6FD610C-FFC7-41F2-8CE9-BDD9A4CDE55A',32,0,'InsertScript','Oct 11 2013 12:59PM','InsertScript','Oct 11 2013 12:59PM')
insert into utilitycompanytoutilitylegacy (id,utilitycompanyid,utilitylegacyid,inactive,createdby,createddate,lastmodifiedby,lastmodifieddate)values('AD8013A6-C3CC-460F-8E0B-FD8032344474','04A37847-AF38-4EB7-8C43-6C5595B32336',33,0,'InsertScript','Oct 11 2013 12:59PM','InsertScript','Oct 11 2013 12:59PM')
insert into utilitycompanytoutilitylegacy (id,utilitycompanyid,utilitylegacyid,inactive,createdby,createddate,lastmodifiedby,lastmodifieddate)values('CB31C187-F979-4D49-B644-696D314C5EC2','6A71B8DC-FB67-47FD-9E72-6F0EF87B106E',34,0,'InsertScript','Oct 11 2013 12:59PM','InsertScript','Oct 11 2013 12:59PM')
insert into utilitycompanytoutilitylegacy (id,utilitycompanyid,utilitylegacyid,inactive,createdby,createddate,lastmodifiedby,lastmodifieddate)values('EFF7B048-DE45-496C-A63E-BC62AAF39AE2','BC2C087E-3D1C-488A-8A85-2E0131FF1BA7',35,0,'InsertScript','Oct 11 2013 12:59PM','InsertScript','Oct 11 2013 12:59PM')
insert into utilitycompanytoutilitylegacy (id,utilitycompanyid,utilitylegacyid,inactive,createdby,createddate,lastmodifiedby,lastmodifieddate)values('30D776FD-8571-432A-84CD-23CB1B97EDD9','EE73DF43-1B48-446C-85D0-F61C99FAB9DA',36,0,'InsertScript','Oct 11 2013 12:59PM','InsertScript','Oct 11 2013 12:59PM')
insert into utilitycompanytoutilitylegacy (id,utilitycompanyid,utilitylegacyid,inactive,createdby,createddate,lastmodifiedby,lastmodifieddate)values('B75B12A7-BEE5-49F8-887B-81B70482CD1D','72C4F915-5A69-4BE3-BF96-1965653E4B8A',37,0,'InsertScript','Oct 11 2013 12:59PM','InsertScript','Oct 11 2013 12:59PM')
insert into utilitycompanytoutilitylegacy (id,utilitycompanyid,utilitylegacyid,inactive,createdby,createddate,lastmodifiedby,lastmodifieddate)values('66A8679A-B97C-4AA0-B12A-22D2145A6B8D','3B73777A-71A4-4D45-A3A3-584814A9E5AA',38,0,'InsertScript','Oct 11 2013 12:59PM','InsertScript','Oct 11 2013 12:59PM')
insert into utilitycompanytoutilitylegacy (id,utilitycompanyid,utilitylegacyid,inactive,createdby,createddate,lastmodifiedby,lastmodifieddate)values('08F15D85-DE8F-45FA-9091-73C677CB634A','35D4B486-FA2A-4295-BF5C-93ABF56C5BAE',39,0,'InsertScript','Oct 11 2013 12:59PM','InsertScript','Oct 11 2013 12:59PM')
insert into utilitycompanytoutilitylegacy (id,utilitycompanyid,utilitylegacyid,inactive,createdby,createddate,lastmodifiedby,lastmodifieddate)values('7964D339-9B85-4545-A665-951114D8ED4C','4536F846-FBBC-431D-8068-7485679F786B',40,0,'InsertScript','Oct 11 2013 12:59PM','InsertScript','Oct 11 2013 12:59PM')
insert into utilitycompanytoutilitylegacy (id,utilitycompanyid,utilitylegacyid,inactive,createdby,createddate,lastmodifiedby,lastmodifieddate)values('02CEB522-A6A1-4BF5-A73B-7A3352B0CC53','8CB866AF-8354-40AA-8168-3A083A491D12',41,0,'InsertScript','Oct 11 2013 12:59PM','InsertScript','Oct 11 2013 12:59PM')
insert into utilitycompanytoutilitylegacy (id,utilitycompanyid,utilitylegacyid,inactive,createdby,createddate,lastmodifiedby,lastmodifieddate)values('FAF22CCC-D99B-4F40-AC50-3249927C6156','C5F85B90-44FC-4EF8-A976-714D940DA086',42,0,'InsertScript','Oct 11 2013 12:59PM','InsertScript','Oct 11 2013 12:59PM')
insert into utilitycompanytoutilitylegacy (id,utilitycompanyid,utilitylegacyid,inactive,createdby,createddate,lastmodifiedby,lastmodifieddate)values('49780B44-6E90-4B32-9E3E-27B264A6704A','51E753B7-4FA1-4DFD-BC94-4AFBEAD684E9',43,0,'InsertScript','Oct 11 2013 12:59PM','InsertScript','Oct 11 2013 12:59PM')
insert into utilitycompanytoutilitylegacy (id,utilitycompanyid,utilitylegacyid,inactive,createdby,createddate,lastmodifiedby,lastmodifieddate)values('65A90FF9-A3EA-47EC-B26B-3340D09E985F','318ECB2A-FFDB-49F3-B2EF-DD3F3AED9499',44,0,'InsertScript','Oct 11 2013 12:59PM','InsertScript','Oct 11 2013 12:59PM')
insert into utilitycompanytoutilitylegacy (id,utilitycompanyid,utilitylegacyid,inactive,createdby,createddate,lastmodifiedby,lastmodifieddate)values('BADC8D56-3109-46B1-BFFB-931811107D54','2DF05B0B-C553-45EF-872A-0AEFE9D0104B',45,0,'InsertScript','Oct 11 2013 12:59PM','InsertScript','Oct 11 2013 12:59PM')
insert into utilitycompanytoutilitylegacy (id,utilitycompanyid,utilitylegacyid,inactive,createdby,createddate,lastmodifiedby,lastmodifieddate)values('DEF42765-130B-45C9-919C-7E0F61E66160','9239EEAD-74E3-4ADA-8BB4-CF4837E75368',46,0,'InsertScript','Oct 11 2013 12:59PM','InsertScript','Oct 11 2013 12:59PM')
insert into utilitycompanytoutilitylegacy (id,utilitycompanyid,utilitylegacyid,inactive,createdby,createddate,lastmodifiedby,lastmodifieddate)values('C3D5AF41-E5E1-4AEF-9B16-8B1E5CB1C37E','DCECE9E3-A9F8-40C2-9BDA-DF1B3D84B519',47,0,'InsertScript','Oct 11 2013 12:59PM','InsertScript','Oct 11 2013 12:59PM')
insert into utilitycompanytoutilitylegacy (id,utilitycompanyid,utilitylegacyid,inactive,createdby,createddate,lastmodifiedby,lastmodifieddate)values('3D79DD56-B08C-40E2-88BB-5FD11D9DCA47','C656C392-4FDD-4A36-84BA-7205D2890263',48,0,'InsertScript','Oct 11 2013 12:59PM','InsertScript','Oct 11 2013 12:59PM')
insert into utilitycompanytoutilitylegacy (id,utilitycompanyid,utilitylegacyid,inactive,createdby,createddate,lastmodifiedby,lastmodifieddate)values('FE7F178F-D1CD-4AF9-8077-DDEE3575E02F','717B8795-C296-4AFD-AA4B-89D83C55C284',49,0,'InsertScript','Oct 11 2013 12:59PM','InsertScript','Oct 11 2013 12:59PM')
insert into utilitycompanytoutilitylegacy (id,utilitycompanyid,utilitylegacyid,inactive,createdby,createddate,lastmodifiedby,lastmodifieddate)values('BE9A178B-E2A9-4ED8-A356-01428DDF0522','08F30DDC-86C2-46D6-A880-D9571292FA92',50,0,'InsertScript','Oct 11 2013 12:59PM','InsertScript','Oct 11 2013 12:59PM')
insert into utilitycompanytoutilitylegacy (id,utilitycompanyid,utilitylegacyid,inactive,createdby,createddate,lastmodifiedby,lastmodifieddate)values('5E1F8D02-F96A-4F11-81EE-6F042DEA30BD','8E839BD7-F840-42BD-941B-5F7676F1243C',51,0,'InsertScript','Oct 11 2013 12:59PM','InsertScript','Oct 11 2013 12:59PM')
insert into utilitycompanytoutilitylegacy (id,utilitycompanyid,utilitylegacyid,inactive,createdby,createddate,lastmodifiedby,lastmodifieddate)values('67B94C27-D922-49F9-A44C-6E7FC6F4C6A0','1325DBDF-A286-4DEE-A7F8-FDA23C1500F5',55,0,'InsertScript','Oct 11 2013 12:59PM','InsertScript','Oct 11 2013 12:59PM')
insert into utilitycompanytoutilitylegacy (id,utilitycompanyid,utilitylegacyid,inactive,createdby,createddate,lastmodifiedby,lastmodifieddate)values('3E14F25B-152D-4D3D-80E1-D921D685C0EB','F5DC416A-C6B3-4E5E-8139-BFC557BAD5DF',56,0,'InsertScript','Oct 11 2013 12:59PM','InsertScript','Oct 11 2013 12:59PM')
insert into utilitycompanytoutilitylegacy (id,utilitycompanyid,utilitylegacyid,inactive,createdby,createddate,lastmodifiedby,lastmodifieddate)values('D2F41C61-91E6-4892-A29C-7FD451529251','A7172E9A-5F63-4C83-8634-5A880435AE41',58,0,'InsertScript','Oct 11 2013 12:59PM','InsertScript','Oct 11 2013 12:59PM')
insert into utilitycompanytoutilitylegacy (id,utilitycompanyid,utilitylegacyid,inactive,createdby,createddate,lastmodifiedby,lastmodifieddate)values('371B80C6-E4B4-45FA-99E5-9008CB4C67A6','E3D84C60-4DE7-4965-80B7-7A691EA22485',59,0,'InsertScript','Oct 11 2013 12:59PM','InsertScript','Oct 11 2013 12:59PM')
insert into utilitycompanytoutilitylegacy (id,utilitycompanyid,utilitylegacyid,inactive,createdby,createddate,lastmodifiedby,lastmodifieddate)values('77A24122-24BB-4061-B3DA-DBD77ACABAC1','EBBD1446-B9B5-416C-9270-059E21CB1936',60,0,'InsertScript','Oct 11 2013 12:59PM','InsertScript','Oct 11 2013 12:59PM')
insert into utilitycompanytoutilitylegacy (id,utilitycompanyid,utilitylegacyid,inactive,createdby,createddate,lastmodifiedby,lastmodifieddate)values('BC028442-03A5-467A-BC26-1066B0E27F48','8646A836-1192-412B-B95A-50FCB99719DD',61,0,'InsertScript','Oct 11 2013 12:59PM','InsertScript','Oct 11 2013 12:59PM')
insert into utilitycompanytoutilitylegacy (id,utilitycompanyid,utilitylegacyid,inactive,createdby,createddate,lastmodifiedby,lastmodifieddate)values('FAECFE3C-3FDC-4FD9-9920-DF4C24CA8A73','5EA7302D-408D-4898-B01B-4C569A86179E',62,0,'InsertScript','Oct 11 2013 12:59PM','InsertScript','Oct 11 2013 12:59PM')
insert into utilitycompanytoutilitylegacy (id,utilitycompanyid,utilitylegacyid,inactive,createdby,createddate,lastmodifiedby,lastmodifieddate)values('E9ED32C1-E36D-4E66-8EEF-F1CB07CB2D91','2032D6F6-411A-4DB1-BAC7-C57EE80B3678',63,0,'InsertScript','Oct 11 2013 12:59PM','InsertScript','Oct 11 2013 12:59PM')
insert into utilitycompanytoutilitylegacy (id,utilitycompanyid,utilitylegacyid,inactive,createdby,createddate,lastmodifiedby,lastmodifieddate)values('9F9E02D2-CA77-497B-8D39-A561605B1DEC','BDB41D87-19F5-4887-A55D-6208EF246806',64,0,'InsertScript','Oct 11 2013 12:59PM','InsertScript','Oct 11 2013 12:59PM')


















INSERT RequestModeEnrollmentType(Id,Name,Description,Inactive,CreatedBy,CreatedDate,LastModifiedBy,LastModifiedDate,EnumValue)       VALUES('65325E2F-6FC4-4DB1-A1B7-28BBB1A606B9','Post Enrollment','Post Enrollment','0','DevTestOne',convert(datetime,'Jun 10 2013  2:18PM'),'DevTestOne',convert(datetime,'Jun 13 2013 10:30AM'),'1')
INSERT RequestModeEnrollmentType(Id,Name,Description,Inactive,CreatedBy,CreatedDate,LastModifiedBy,LastModifiedDate,EnumValue)       VALUES('390712C2-AAF9-4B96-96B8-CD12FA33EEF1','Pre Enrollment','Pre Enrollment','0','DevTestOne',convert(datetime,'Jun 10 2013  2:18PM'),'DevTestOne',convert(datetime,'Jun 13 2013 10:02AM'),'0')


INSERT INTO [dbo].[RequestModeType] ([Id], [Name], [Description], [Inactive], [CreatedBy], [CreatedDate], [LastModifiedBy], [LastModifiedDate]) VALUES (N'896b99a5-14cf-4328-be35-0ae82f527b06', N'Website', N'Website', 0, N'DevTestOne', N'2013-06-10 14:18:59', N'DevTestOne', N'2013-06-10 14:18:59')
INSERT INTO [dbo].[RequestModeType] ([Id], [Name], [Description], [Inactive], [CreatedBy], [CreatedDate], [LastModifiedBy], [LastModifiedDate]) VALUES (N'5b86dcba-609d-4c6c-95c7-490f37d5cb61', N'E-mail', N'E-mail', 0, N'DevTestOne', N'2013-06-10 14:18:35', N'DevTestOne', N'2013-06-10 14:18:35')
INSERT INTO [dbo].[RequestModeType] ([Id], [Name], [Description], [Inactive], [CreatedBy], [CreatedDate], [LastModifiedBy], [LastModifiedDate]) VALUES (N'e12c33f0-a9f9-494b-93a1-83e3b0b290a0', N'EDI', N'EDI', 0, N'DevTestOne', N'2013-06-10 14:18:25', N'DevTestOne', N'2013-06-13 14:59:50')
INSERT INTO [dbo].[RequestModeType] ([Id], [Name], [Description], [Inactive], [CreatedBy], [CreatedDate], [LastModifiedBy], [LastModifiedDate]) VALUES (N'aaf52588-03fa-46b6-9c40-b338b7ba91ea', N'Scraper', N'Scraper', 0, N'DevTestOne', N'2013-06-10 14:18:52', N'DevTestOne', N'2013-06-10 14:18:52')


INSERT INTO [dbo].[RequestModeTypeGenre] ([Id], [Name], [Description], [Inactive], [CreatedBy], [CreatedDate], [LastModifiedBy], [LastModifiedDate]) VALUES (N'f3dc8cf9-fee9-49a3-866e-1c7376627f3c', N'I-CAP', N'I-Cap', 0, N'DevTestOne', N'2013-06-24 12:10:15', N'DevTestOne', N'2013-06-24 12:10:15')
INSERT INTO [dbo].[RequestModeTypeGenre] ([Id], [Name], [Description], [Inactive], [CreatedBy], [CreatedDate], [LastModifiedBy], [LastModifiedDate]) VALUES (N'22382487-0bde-4497-9190-7438e24c3d96', N'Historical Usage', N'Historical Usage', 0, N'DevTestOne', N'2013-06-19 11:53:28', N'DevTestOne', N'2013-06-19 11:53:28')
INSERT INTO [dbo].[RequestModeTypeGenre] ([Id], [Name], [Description], [Inactive], [CreatedBy], [CreatedDate], [LastModifiedBy], [LastModifiedDate]) VALUES (N'a60c3c98-cd13-4e0f-bc05-9943728e833b', N'Interval Data Recorder', N'Interval Data Recorder', 0, N'DevTestOne', N'2013-06-19 11:53:28', N'DevTestOne', N'2013-06-19 11:53:28')
INSERT INTO [dbo].[RequestModeTypeGenre] ([Id], [Name], [Description], [Inactive], [CreatedBy], [CreatedDate], [LastModifiedBy], [LastModifiedDate]) VALUES (N'bee790a3-6a90-4a81-b6ed-b4a99310efde', N'Account Information', N'Account Information', 0, N'DevTestOne', N'2013-06-19 11:53:28', N'DevTestOne', N'2013-06-19 11:53:28')


INSERT INTO [dbo].[RequestModeTypeToRequestModeEnrollmentType] ([Id], [RequestModeTypeId], [RequestModeEnrollmentTypeId], [Inactive], [CreatedBy], [CreatedDate], [LastModifiedBy], [LastModifiedDate], [RequestModeTypeGenreId]) VALUES (N'edc00e6b-e6df-41f0-9d10-020e156f6637', N'aaf52588-03fa-46b6-9c40-b338b7ba91ea', N'390712c2-aaf9-4b96-96b8-cd12fa33eef1', 0, N'DevTestOne', N'2013-06-19 11:58:18', N'DevTestOne', N'2013-06-19 11:58:18', N'a60c3c98-cd13-4e0f-bc05-9943728e833b')
INSERT INTO [dbo].[RequestModeTypeToRequestModeEnrollmentType] ([Id], [RequestModeTypeId], [RequestModeEnrollmentTypeId], [Inactive], [CreatedBy], [CreatedDate], [LastModifiedBy], [LastModifiedDate], [RequestModeTypeGenreId]) VALUES (N'28dc1723-4f6f-415a-bc7a-0ecab69cac4f', N'896b99a5-14cf-4328-be35-0ae82f527b06', N'65325e2f-6fc4-4db1-a1b7-28bbb1a606b9', 0, N'DevTestOne', N'2013-06-19 11:58:18', N'DevTestOne', N'2013-06-19 11:58:18', N'a60c3c98-cd13-4e0f-bc05-9943728e833b')
INSERT INTO [dbo].[RequestModeTypeToRequestModeEnrollmentType] ([Id], [RequestModeTypeId], [RequestModeEnrollmentTypeId], [Inactive], [CreatedBy], [CreatedDate], [LastModifiedBy], [LastModifiedDate], [RequestModeTypeGenreId]) VALUES (N'6192449f-20cc-4dff-85c6-4b6b92e709f3', N'e12c33f0-a9f9-494b-93a1-83e3b0b290a0', N'390712c2-aaf9-4b96-96b8-cd12fa33eef1', 0, N'DevTestOne', N'2013-06-19 11:58:18', N'DevTestOne', N'2013-06-19 11:58:18', N'f3dc8cf9-fee9-49a3-866e-1c7376627f3c')
INSERT INTO [dbo].[RequestModeTypeToRequestModeEnrollmentType] ([Id], [RequestModeTypeId], [RequestModeEnrollmentTypeId], [Inactive], [CreatedBy], [CreatedDate], [LastModifiedBy], [LastModifiedDate], [RequestModeTypeGenreId]) VALUES (N'869ed3a1-0d03-4c4b-b6b6-4c225c37f1ba', N'e12c33f0-a9f9-494b-93a1-83e3b0b290a0', N'65325e2f-6fc4-4db1-a1b7-28bbb1a606b9', 0, N'DevTestOne', N'2013-06-19 11:58:18', N'DevTestOne', N'2013-06-19 11:58:18', N'a60c3c98-cd13-4e0f-bc05-9943728e833b')
INSERT INTO [dbo].[RequestModeTypeToRequestModeEnrollmentType] ([Id], [RequestModeTypeId], [RequestModeEnrollmentTypeId], [Inactive], [CreatedBy], [CreatedDate], [LastModifiedBy], [LastModifiedDate], [RequestModeTypeGenreId]) VALUES (N'd6171873-dfd4-4a91-83d5-5123352fc353', N'5b86dcba-609d-4c6c-95c7-490f37d5cb61', N'65325e2f-6fc4-4db1-a1b7-28bbb1a606b9', 0, N'DevTestOne', N'2013-06-19 11:58:18', N'DevTestOne', N'2013-06-19 11:58:18', N'a60c3c98-cd13-4e0f-bc05-9943728e833b')
INSERT INTO [dbo].[RequestModeTypeToRequestModeEnrollmentType] ([Id], [RequestModeTypeId], [RequestModeEnrollmentTypeId], [Inactive], [CreatedBy], [CreatedDate], [LastModifiedBy], [LastModifiedDate], [RequestModeTypeGenreId]) VALUES (N'8718f148-55d9-4a65-81b9-5782114324bc', N'896b99a5-14cf-4328-be35-0ae82f527b06', N'390712c2-aaf9-4b96-96b8-cd12fa33eef1', 0, N'DevTestOne', N'2013-06-19 11:58:18', N'DevTestOne', N'2013-06-19 11:58:18', N'22382487-0bde-4497-9190-7438e24c3d96')
INSERT INTO [dbo].[RequestModeTypeToRequestModeEnrollmentType] ([Id], [RequestModeTypeId], [RequestModeEnrollmentTypeId], [Inactive], [CreatedBy], [CreatedDate], [LastModifiedBy], [LastModifiedDate], [RequestModeTypeGenreId]) VALUES (N'192d8b44-38a8-47fb-9710-59f44fb627e9', N'5b86dcba-609d-4c6c-95c7-490f37d5cb61', N'390712c2-aaf9-4b96-96b8-cd12fa33eef1', 0, N'DevTestOne', N'2013-06-19 11:58:18', N'DevTestOne', N'2013-06-19 11:58:18', N'22382487-0bde-4497-9190-7438e24c3d96')
INSERT INTO [dbo].[RequestModeTypeToRequestModeEnrollmentType] ([Id], [RequestModeTypeId], [RequestModeEnrollmentTypeId], [Inactive], [CreatedBy], [CreatedDate], [LastModifiedBy], [LastModifiedDate], [RequestModeTypeGenreId]) VALUES (N'93f7e8db-792e-49c2-998c-5fc6691ae554', N'e12c33f0-a9f9-494b-93a1-83e3b0b290a0', N'390712c2-aaf9-4b96-96b8-cd12fa33eef1', 0, N'DevTestOne', N'2013-06-19 11:58:18', N'DevTestOne', N'2013-06-19 11:58:18', N'a60c3c98-cd13-4e0f-bc05-9943728e833b')
INSERT INTO [dbo].[RequestModeTypeToRequestModeEnrollmentType] ([Id], [RequestModeTypeId], [RequestModeEnrollmentTypeId], [Inactive], [CreatedBy], [CreatedDate], [LastModifiedBy], [LastModifiedDate], [RequestModeTypeGenreId]) VALUES (N'77bdd115-434c-42f4-b5ba-6f5761d3a572', N'aaf52588-03fa-46b6-9c40-b338b7ba91ea', N'390712c2-aaf9-4b96-96b8-cd12fa33eef1', 0, N'DevTestOne', N'2013-06-19 11:58:18', N'DevTestOne', N'2013-06-19 11:58:18', N'f3dc8cf9-fee9-49a3-866e-1c7376627f3c')
INSERT INTO [dbo].[RequestModeTypeToRequestModeEnrollmentType] ([Id], [RequestModeTypeId], [RequestModeEnrollmentTypeId], [Inactive], [CreatedBy], [CreatedDate], [LastModifiedBy], [LastModifiedDate], [RequestModeTypeGenreId]) VALUES (N'aa78e8d5-72f7-45c3-b165-8533a4a30dc1', N'5b86dcba-609d-4c6c-95c7-490f37d5cb61', N'390712c2-aaf9-4b96-96b8-cd12fa33eef1', 0, N'DevTestOne', N'2013-06-19 11:58:18', N'DevTestOne', N'2013-06-19 11:58:18', N'f3dc8cf9-fee9-49a3-866e-1c7376627f3c')
INSERT INTO [dbo].[RequestModeTypeToRequestModeEnrollmentType] ([Id], [RequestModeTypeId], [RequestModeEnrollmentTypeId], [Inactive], [CreatedBy], [CreatedDate], [LastModifiedBy], [LastModifiedDate], [RequestModeTypeGenreId]) VALUES (N'dde11061-1190-4b4d-92c5-9b9274912bc6', N'aaf52588-03fa-46b6-9c40-b338b7ba91ea', N'65325e2f-6fc4-4db1-a1b7-28bbb1a606b9', 0, N'DevTestOne', N'2013-06-19 11:58:18', N'DevTestOne', N'2013-06-19 11:58:18', N'a60c3c98-cd13-4e0f-bc05-9943728e833b')
INSERT INTO [dbo].[RequestModeTypeToRequestModeEnrollmentType] ([Id], [RequestModeTypeId], [RequestModeEnrollmentTypeId], [Inactive], [CreatedBy], [CreatedDate], [LastModifiedBy], [LastModifiedDate], [RequestModeTypeGenreId]) VALUES (N'e66da6b6-957e-43a5-8b0a-9c98b34617c1', N'e12c33f0-a9f9-494b-93a1-83e3b0b290a0', N'65325e2f-6fc4-4db1-a1b7-28bbb1a606b9', 0, N'DevTestOne', N'2013-06-19 11:58:18', N'DevTestOne', N'2013-06-19 11:58:18', N'22382487-0bde-4497-9190-7438e24c3d96')
INSERT INTO [dbo].[RequestModeTypeToRequestModeEnrollmentType] ([Id], [RequestModeTypeId], [RequestModeEnrollmentTypeId], [Inactive], [CreatedBy], [CreatedDate], [LastModifiedBy], [LastModifiedDate], [RequestModeTypeGenreId]) VALUES (N'12104647-8e97-47e4-bc82-a3cb0a9b6cfc', N'e12c33f0-a9f9-494b-93a1-83e3b0b290a0', N'390712c2-aaf9-4b96-96b8-cd12fa33eef1', 0, N'DevTestOne', N'2013-06-19 11:58:18', N'DevTestOne', N'2013-06-19 11:58:18', N'22382487-0bde-4497-9190-7438e24c3d96')
INSERT INTO [dbo].[RequestModeTypeToRequestModeEnrollmentType] ([Id], [RequestModeTypeId], [RequestModeEnrollmentTypeId], [Inactive], [CreatedBy], [CreatedDate], [LastModifiedBy], [LastModifiedDate], [RequestModeTypeGenreId]) VALUES (N'9cc978ad-c840-4492-bed1-a83066622f93', N'896b99a5-14cf-4328-be35-0ae82f527b06', N'390712c2-aaf9-4b96-96b8-cd12fa33eef1', 0, N'DevTestOne', N'2013-06-19 11:58:18', N'DevTestOne', N'2013-06-19 11:58:18', N'a60c3c98-cd13-4e0f-bc05-9943728e833b')
INSERT INTO [dbo].[RequestModeTypeToRequestModeEnrollmentType] ([Id], [RequestModeTypeId], [RequestModeEnrollmentTypeId], [Inactive], [CreatedBy], [CreatedDate], [LastModifiedBy], [LastModifiedDate], [RequestModeTypeGenreId]) VALUES (N'91610952-043a-4799-92bf-abbb97a6c5c8', N'5b86dcba-609d-4c6c-95c7-490f37d5cb61', N'390712c2-aaf9-4b96-96b8-cd12fa33eef1', 0, N'DevTestOne', N'2013-06-19 11:58:18', N'DevTestOne', N'2013-06-19 11:58:18', N'a60c3c98-cd13-4e0f-bc05-9943728e833b')
INSERT INTO [dbo].[RequestModeTypeToRequestModeEnrollmentType] ([Id], [RequestModeTypeId], [RequestModeEnrollmentTypeId], [Inactive], [CreatedBy], [CreatedDate], [LastModifiedBy], [LastModifiedDate], [RequestModeTypeGenreId]) VALUES (N'403e00fc-3a3b-4395-8f18-aece176994f2', N'aaf52588-03fa-46b6-9c40-b338b7ba91ea', N'65325e2f-6fc4-4db1-a1b7-28bbb1a606b9', 0, N'DevTestOne', N'2013-06-19 11:58:18', N'DevTestOne', N'2013-06-19 11:58:18', N'22382487-0bde-4497-9190-7438e24c3d96')
INSERT INTO [dbo].[RequestModeTypeToRequestModeEnrollmentType] ([Id], [RequestModeTypeId], [RequestModeEnrollmentTypeId], [Inactive], [CreatedBy], [CreatedDate], [LastModifiedBy], [LastModifiedDate], [RequestModeTypeGenreId]) VALUES (N'02887074-d4d6-46f1-a026-b011c60263ca', N'aaf52588-03fa-46b6-9c40-b338b7ba91ea', N'65325e2f-6fc4-4db1-a1b7-28bbb1a606b9', 0, N'DevTestOne', N'2013-06-19 11:58:18', N'DevTestOne', N'2013-06-19 11:58:18', N'f3dc8cf9-fee9-49a3-866e-1c7376627f3c')
INSERT INTO [dbo].[RequestModeTypeToRequestModeEnrollmentType] ([Id], [RequestModeTypeId], [RequestModeEnrollmentTypeId], [Inactive], [CreatedBy], [CreatedDate], [LastModifiedBy], [LastModifiedDate], [RequestModeTypeGenreId]) VALUES (N'f06df363-bfc4-49c4-b216-cee28f706d43', N'896b99a5-14cf-4328-be35-0ae82f527b06', N'65325e2f-6fc4-4db1-a1b7-28bbb1a606b9', 0, N'DevTestOne', N'2013-06-19 11:58:18', N'DevTestOne', N'2013-06-19 11:58:18', N'f3dc8cf9-fee9-49a3-866e-1c7376627f3c')
INSERT INTO [dbo].[RequestModeTypeToRequestModeEnrollmentType] ([Id], [RequestModeTypeId], [RequestModeEnrollmentTypeId], [Inactive], [CreatedBy], [CreatedDate], [LastModifiedBy], [LastModifiedDate], [RequestModeTypeGenreId]) VALUES (N'ae3578fa-7caf-4599-8f78-e50b15cd59fd', N'e12c33f0-a9f9-494b-93a1-83e3b0b290a0', N'65325e2f-6fc4-4db1-a1b7-28bbb1a606b9', 0, N'DevTestOne', N'2013-06-19 11:58:18', N'DevTestOne', N'2013-06-19 11:58:18', N'f3dc8cf9-fee9-49a3-866e-1c7376627f3c')
INSERT INTO [dbo].[RequestModeTypeToRequestModeEnrollmentType] ([Id], [RequestModeTypeId], [RequestModeEnrollmentTypeId], [Inactive], [CreatedBy], [CreatedDate], [LastModifiedBy], [LastModifiedDate], [RequestModeTypeGenreId]) VALUES (N'f859d8aa-6c2b-4e25-9d38-e650d20937fe', N'aaf52588-03fa-46b6-9c40-b338b7ba91ea', N'390712c2-aaf9-4b96-96b8-cd12fa33eef1', 0, N'DevTestOne', N'2013-06-19 11:58:18', N'DevTestOne', N'2013-06-19 11:58:18', N'22382487-0bde-4497-9190-7438e24c3d96')
INSERT INTO [dbo].[RequestModeTypeToRequestModeEnrollmentType] ([Id], [RequestModeTypeId], [RequestModeEnrollmentTypeId], [Inactive], [CreatedBy], [CreatedDate], [LastModifiedBy], [LastModifiedDate], [RequestModeTypeGenreId]) VALUES (N'4a830fb7-fd2f-473c-95ef-f01fb4f4d105', N'5b86dcba-609d-4c6c-95c7-490f37d5cb61', N'65325e2f-6fc4-4db1-a1b7-28bbb1a606b9', 0, N'DevTestOne', N'2013-06-19 11:58:18', N'DevTestOne', N'2013-06-19 11:58:18', N'f3dc8cf9-fee9-49a3-866e-1c7376627f3c')
INSERT INTO [dbo].[RequestModeTypeToRequestModeEnrollmentType] ([Id], [RequestModeTypeId], [RequestModeEnrollmentTypeId], [Inactive], [CreatedBy], [CreatedDate], [LastModifiedBy], [LastModifiedDate], [RequestModeTypeGenreId]) VALUES (N'88cb57c6-4347-4839-bee7-f90138bfba57', N'896b99a5-14cf-4328-be35-0ae82f527b06', N'390712c2-aaf9-4b96-96b8-cd12fa33eef1', 0, N'DevTestOne', N'2013-06-19 11:58:18', N'DevTestOne', N'2013-06-19 11:58:18', N'f3dc8cf9-fee9-49a3-866e-1c7376627f3c')


INSERT INTO [dbo].[RequestModeTypeToRequestModeTypeGenre] ([Id], [RequestModeTypeId], [RequestModeTypeGenreId], [Inactive], [CreatedBy], [CreatedDate], [LastModifiedBy], [LastModifiedDate]) VALUES (N'8b0338ab-edb2-4f0a-91d5-05f4a9961de7', N'e12c33f0-a9f9-494b-93a1-83e3b0b290a0', N'f3dc8cf9-fee9-49a3-866e-1c7376627f3c', 0, N'DevTestOne', N'2013-06-24 12:10:27', N'DevTestOne', N'2013-06-24 12:10:27')
INSERT INTO [dbo].[RequestModeTypeToRequestModeTypeGenre] ([Id], [RequestModeTypeId], [RequestModeTypeGenreId], [Inactive], [CreatedBy], [CreatedDate], [LastModifiedBy], [LastModifiedDate]) VALUES (N'9310955e-15b6-4a89-9431-527afb103d96', N'896b99a5-14cf-4328-be35-0ae82f527b06', N'f3dc8cf9-fee9-49a3-866e-1c7376627f3c', 0, N'DevTestOne', N'2013-06-24 12:10:45', N'DevTestOne', N'2013-06-24 12:10:45')
INSERT INTO [dbo].[RequestModeTypeToRequestModeTypeGenre] ([Id], [RequestModeTypeId], [RequestModeTypeGenreId], [Inactive], [CreatedBy], [CreatedDate], [LastModifiedBy], [LastModifiedDate]) VALUES (N'97490443-4ee3-4464-927f-7864c4b7e3b0', N'5b86dcba-609d-4c6c-95c7-490f37d5cb61', N'f3dc8cf9-fee9-49a3-866e-1c7376627f3c', 0, N'DevTestOne', N'2013-06-24 12:10:33', N'DevTestOne', N'2013-06-24 12:10:33')
INSERT INTO [dbo].[RequestModeTypeToRequestModeTypeGenre] ([Id], [RequestModeTypeId], [RequestModeTypeGenreId], [Inactive], [CreatedBy], [CreatedDate], [LastModifiedBy], [LastModifiedDate]) VALUES (N'4830829c-64ba-4638-a62e-926d7c61da82', N'aaf52588-03fa-46b6-9c40-b338b7ba91ea', N'f3dc8cf9-fee9-49a3-866e-1c7376627f3c', 0, N'DevTestOne', N'2013-06-24 12:10:39', N'DevTestOne', N'2013-06-24 12:10:39')
INSERT INTO [dbo].[RequestModeTypeToRequestModeTypeGenre] ([Id], [RequestModeTypeId], [RequestModeTypeGenreId], [Inactive], [CreatedBy], [CreatedDate], [LastModifiedBy], [LastModifiedDate]) VALUES (N'097bce57-627f-4cf7-8d36-bec7c1b344aa', N'e12c33f0-a9f9-494b-93a1-83e3b0b290a0', N'22382487-0bde-4497-9190-7438e24c3d96', 0, N'DevTestOne', N'2013-06-10 16:16:51', N'DevTestOne', N'2013-06-10 16:16:51')
INSERT INTO [dbo].[RequestModeTypeToRequestModeTypeGenre] ([Id], [RequestModeTypeId], [RequestModeTypeGenreId], [Inactive], [CreatedBy], [CreatedDate], [LastModifiedBy], [LastModifiedDate]) VALUES (N'737bb5a5-971a-4b3e-a1ad-cdc634d6cac1', N'5b86dcba-609d-4c6c-95c7-490f37d5cb61', N'22382487-0bde-4497-9190-7438e24c3d96', 0, N'DevTestOne', N'2013-06-10 16:17:05', N'DevTestOne', N'2013-06-10 16:17:05')
INSERT INTO [dbo].[RequestModeTypeToRequestModeTypeGenre] ([Id], [RequestModeTypeId], [RequestModeTypeGenreId], [Inactive], [CreatedBy], [CreatedDate], [LastModifiedBy], [LastModifiedDate]) VALUES (N'f01f80d6-9ee8-41f9-99da-d67ad4acd791', N'896b99a5-14cf-4328-be35-0ae82f527b06', N'22382487-0bde-4497-9190-7438e24c3d96', 0, N'DevTestOne', N'2013-06-10 16:17:16', N'DevTestOne', N'2013-06-10 16:17:16')
INSERT INTO [dbo].[RequestModeTypeToRequestModeTypeGenre] ([Id], [RequestModeTypeId], [RequestModeTypeGenreId], [Inactive], [CreatedBy], [CreatedDate], [LastModifiedBy], [LastModifiedDate]) VALUES (N'5f8adb2b-6042-4e4f-aa13-f0861f1a2739', N'aaf52588-03fa-46b6-9c40-b338b7ba91ea', N'22382487-0bde-4497-9190-7438e24c3d96', 0, N'DevTestOne', N'2013-06-10 16:17:25', N'DevTestOne', N'2013-06-10 16:17:25')



INSERT INTO [dbo].[TriStateValue] ([Id], [Value], [NumericValue], [Description], [Inactive], [CreatedBy], [CreatedDate], [LastModifiedBy], [LastModifiedDate]) VALUES (N'94b3dbe6-8cdf-4cd3-9250-0944011696ca', N'No', 2, N'No', 0, N'Database Initialization', N'2013-07-15 17:04:10', N'Database Initialization', N'2013-07-15 17:04:10')
INSERT INTO [dbo].[TriStateValue] ([Id], [Value], [NumericValue], [Description], [Inactive], [CreatedBy], [CreatedDate], [LastModifiedBy], [LastModifiedDate]) VALUES (N'29bb8246-7723-469e-b85b-31e5680f1fa9', N'Yes', 1, N'Yes', 0, N'Database Initialization', N'2013-07-15 17:04:10', N'Database Initialization', N'2013-07-15 17:04:10')
INSERT INTO [dbo].[TriStateValue] ([Id], [Value], [NumericValue], [Description], [Inactive], [CreatedBy], [CreatedDate], [LastModifiedBy], [LastModifiedDate]) VALUES (N'a38cf7a8-f247-414d-b2ec-40878ef696f5', N'NA', 0, N'Not Applicable', 0, N'Database Initialization', N'2013-07-15 17:04:10', N'Database Initialization', N'2013-07-15 17:04:10')



INSERT TriStateValuePendingActiveInactive(Id,Value,NumericValue,Description,Inactive,CreatedBy,CreatedDate,LastModifiedBy,LastModifiedDate)       VALUES('7366ECC9-D64D-41C6-BDE6-41BD7D925837','Pending Approval','0','Pending Approval','0','Script',convert(datetime,'Aug 21 2013  3:35PM'),'Script',convert(datetime,'Aug 21 2013  3:35PM'))
INSERT TriStateValuePendingActiveInactive(Id,Value,NumericValue,Description,Inactive,CreatedBy,CreatedDate,LastModifiedBy,LastModifiedDate)       VALUES('B1C1A0E1-B631-4170-85A8-9DE8B07AB102','Active','1','Active','0','Script',convert(datetime,'Aug 21 2013  3:35PM'),'Script',convert(datetime,'Aug 21 2013  3:35PM'))
INSERT TriStateValuePendingActiveInactive(Id,Value,NumericValue,Description,Inactive,CreatedBy,CreatedDate,LastModifiedBy,LastModifiedDate)       VALUES('F4ACB648-3ADC-48FD-AF19-DD38DFC1AE2F','Inactive','2','Inactive','0','Script',convert(datetime,'Aug 21 2013  3:35PM'),'Script',convert(datetime,'Aug 21 2013  3:35PM'))


INSERT INTO [dbo].[UserInterfaceForm] ([Id], [UserInterfaceFormName], [Inactive], [CreatedBy], [CreatedDate], [LastModifiedBy], [LastModifiedDate]) VALUES (N'51e8078d-7a78-452b-af3f-b9ec7b8654a7', N'Icap Request Mode', 0, N'DevTestOne', N'2013-06-24 12:36:56', N'DevTestOne', N'2013-06-24 14:04:48')
INSERT INTO [dbo].[UserInterfaceForm] ([Id], [UserInterfaceFormName], [Inactive], [CreatedBy], [CreatedDate], [LastModifiedBy], [LastModifiedDate]) VALUES (N'dfb34014-7c5d-4a5e-9c0c-cb4045e4d44d', N'Historical Usage Request Mode', 0, N'DevTestOne', N'2013-06-11 00:00:00', N'DevTestOne', N'2013-06-13 13:43:51')
INSERT INTO [dbo].[UserInterfaceForm] ([Id], [UserInterfaceFormName], [Inactive], [CreatedBy], [CreatedDate], [LastModifiedBy], [LastModifiedDate]) VALUES (N'217482b7-3686-4d21-9812-f56b9b4adab2', N'Idr Request Mode', 0, N'User', N'2013-07-09 12:17:39', N'User', N'2013-07-09 12:17:39')


INSERT INTO [dbo].[UserInterfaceFormControl] ([Id], [UserInterfaceFormId], [ControlName], [Inactive], [CreatedBy], [CreatedDate], [LastModifiedBy], [LastModifiedDate]) VALUES (N'acc26c0e-b98e-427b-b619-164801c17016', N'217482b7-3686-4d21-9812-f56b9b4adab2', N'divEmailTemplateText', 0, N'User', N'2013-07-09 12:19:25', N'User', N'2013-07-09 12:19:25')
INSERT INTO [dbo].[UserInterfaceFormControl] ([Id], [UserInterfaceFormId], [ControlName], [Inactive], [CreatedBy], [CreatedDate], [LastModifiedBy], [LastModifiedDate]) VALUES (N'38bf9399-c4dc-4000-a932-39dc245ae076', N'51e8078d-7a78-452b-af3f-b9ec7b8654a7', N'divAddressField', 0, N'DevTestOne', N'2013-06-24 12:37:51', N'DevTestOne', N'2013-06-24 12:37:51')
INSERT INTO [dbo].[UserInterfaceFormControl] ([Id], [UserInterfaceFormId], [ControlName], [Inactive], [CreatedBy], [CreatedDate], [LastModifiedBy], [LastModifiedDate]) VALUES (N'30f9ee78-f192-4720-b06b-3ae4c583d537', N'dfb34014-7c5d-4a5e-9c0c-cb4045e4d44d', N'RequestModeTypeId', 0, N'DevTestOne', N'2013-06-11 12:11:50', N'DevTestOne', N'2013-06-12 17:11:27')
INSERT INTO [dbo].[UserInterfaceFormControl] ([Id], [UserInterfaceFormId], [ControlName], [Inactive], [CreatedBy], [CreatedDate], [LastModifiedBy], [LastModifiedDate]) VALUES (N'99dcdbb1-ab62-4889-9bd6-4b33a6a80c39', N'51e8078d-7a78-452b-af3f-b9ec7b8654a7', N'RequestModeTypeId', 0, N'DevTestOne', N'2013-06-24 12:37:30', N'DevTestOne', N'2013-06-24 12:37:30')
INSERT INTO [dbo].[UserInterfaceFormControl] ([Id], [UserInterfaceFormId], [ControlName], [Inactive], [CreatedBy], [CreatedDate], [LastModifiedBy], [LastModifiedDate]) VALUES (N'279af832-d183-4826-be87-5bc506c87e79', N'dfb34014-7c5d-4a5e-9c0c-cb4045e4d44d', N'divAddressLabel', 0, N'DevTestOne', N'2013-06-11 12:08:30', N'DevTestOne', N'2013-06-11 12:09:23')
INSERT INTO [dbo].[UserInterfaceFormControl] ([Id], [UserInterfaceFormId], [ControlName], [Inactive], [CreatedBy], [CreatedDate], [LastModifiedBy], [LastModifiedDate]) VALUES (N'3a08a857-9b31-4eeb-b653-6dffa7b274ef', N'dfb34014-7c5d-4a5e-9c0c-cb4045e4d44d', N'divAddressField', 0, N'DevTestOne', N'2013-06-11 12:08:43', N'DevTestOne', N'2013-06-11 12:08:43')
INSERT INTO [dbo].[UserInterfaceFormControl] ([Id], [UserInterfaceFormId], [ControlName], [Inactive], [CreatedBy], [CreatedDate], [LastModifiedBy], [LastModifiedDate]) VALUES (N'c91b8c62-6a5a-49e1-a588-7e9fa5ed7fff', N'217482b7-3686-4d21-9812-f56b9b4adab2', N'divAddressField', 0, N'User', N'2013-07-09 12:18:05', N'User', N'2013-07-09 12:18:05')
INSERT INTO [dbo].[UserInterfaceFormControl] ([Id], [UserInterfaceFormId], [ControlName], [Inactive], [CreatedBy], [CreatedDate], [LastModifiedBy], [LastModifiedDate]) VALUES (N'fabedf9b-fbb5-4981-800c-9007d1182c62', N'51e8078d-7a78-452b-af3f-b9ec7b8654a7', N'divAddressLabel', 0, N'DevTestOne', N'2013-06-24 12:37:43', N'DevTestOne', N'2013-06-24 12:37:43')
INSERT INTO [dbo].[UserInterfaceFormControl] ([Id], [UserInterfaceFormId], [ControlName], [Inactive], [CreatedBy], [CreatedDate], [LastModifiedBy], [LastModifiedDate]) VALUES (N'8310dc1a-134f-4027-af00-9b6a543d2089', N'dfb34014-7c5d-4a5e-9c0c-cb4045e4d44d', N'divEmailTemplateText', 0, N'DevTestOne', N'2013-06-11 12:09:10', N'DevTestOne', N'2013-06-11 12:09:10')
INSERT INTO [dbo].[UserInterfaceFormControl] ([Id], [UserInterfaceFormId], [ControlName], [Inactive], [CreatedBy], [CreatedDate], [LastModifiedBy], [LastModifiedDate]) VALUES (N'3adcf02e-712d-4b10-8af8-a3edb6d42c1b', N'51e8078d-7a78-452b-af3f-b9ec7b8654a7', N'divEmailTemplateText', 0, N'DevTestOne', N'2013-06-24 12:38:00', N'DevTestOne', N'2013-06-24 12:38:00')
INSERT INTO [dbo].[UserInterfaceFormControl] ([Id], [UserInterfaceFormId], [ControlName], [Inactive], [CreatedBy], [CreatedDate], [LastModifiedBy], [LastModifiedDate]) VALUES (N'46377e4c-7072-4d6e-b45a-b271760a0c5e', N'dfb34014-7c5d-4a5e-9c0c-cb4045e4d44d', N'divEmailTemplateLabel', 0, N'DevTestOne', N'2013-06-11 12:08:57', N'DevTestOne', N'2013-06-11 12:08:57')
INSERT INTO [dbo].[UserInterfaceFormControl] ([Id], [UserInterfaceFormId], [ControlName], [Inactive], [CreatedBy], [CreatedDate], [LastModifiedBy], [LastModifiedDate]) VALUES (N'6b44e4d7-5563-4ac1-a445-d7209f8459a3', N'217482b7-3686-4d21-9812-f56b9b4adab2', N'divAddressLabel', 0, N'User', N'2013-07-09 12:19:02', N'User', N'2013-07-09 12:19:02')
INSERT INTO [dbo].[UserInterfaceFormControl] ([Id], [UserInterfaceFormId], [ControlName], [Inactive], [CreatedBy], [CreatedDate], [LastModifiedBy], [LastModifiedDate]) VALUES (N'4f04e0b9-79df-49cd-bd67-da0eb927e8ea', N'217482b7-3686-4d21-9812-f56b9b4adab2', N'RequestModeTypeId', 0, N'User', N'2013-07-09 12:18:16', N'User', N'2013-07-09 12:18:16')
INSERT INTO [dbo].[UserInterfaceFormControl] ([Id], [UserInterfaceFormId], [ControlName], [Inactive], [CreatedBy], [CreatedDate], [LastModifiedBy], [LastModifiedDate]) VALUES (N'6e3dfc9c-fc1a-401c-aade-edd616e7ec74', N'51e8078d-7a78-452b-af3f-b9ec7b8654a7', N'divEmailTemplateLabel', 0, N'DevTestOne', N'2013-06-24 12:38:09', N'DevTestOne', N'2013-06-24 12:38:09')
INSERT INTO [dbo].[UserInterfaceFormControl] ([Id], [UserInterfaceFormId], [ControlName], [Inactive], [CreatedBy], [CreatedDate], [LastModifiedBy], [LastModifiedDate]) VALUES (N'45deb42b-4a92-4349-bf42-f48edc81952d', N'217482b7-3686-4d21-9812-f56b9b4adab2', N'divEmailTemplateLabel', 0, N'User', N'2013-07-09 12:19:34', N'User', N'2013-07-09 12:19:34')



INSERT INTO [dbo].[UserInterfaceControlAndValueGoverningControlVisibility] ([Id], [UserInterfaceFormId], [UserInterfaceFormControlGoverningVisibilityId], [ControlValueGoverningVisibiltiy], [Inactive], [CreatedBy], [CreatedDate], [LastModifiedBy], [LastModifiedDate]) VALUES (N'7708cb63-c5e8-4ea4-8bad-2aa0a237dc5d', N'dfb34014-7c5d-4a5e-9c0c-cb4045e4d44d', N'30f9ee78-f192-4720-b06b-3ae4c583d537', N'website', 0, N'DevTestOne', N'2013-06-12 14:24:18', N'DevTestOne', N'2013-06-12 14:24:18')
INSERT INTO [dbo].[UserInterfaceControlAndValueGoverningControlVisibility] ([Id], [UserInterfaceFormId], [UserInterfaceFormControlGoverningVisibilityId], [ControlValueGoverningVisibiltiy], [Inactive], [CreatedBy], [CreatedDate], [LastModifiedBy], [LastModifiedDate]) VALUES (N'a368572a-3dbe-4146-a424-aaa602a3145a', N'51e8078d-7a78-452b-af3f-b9ec7b8654a7', N'99dcdbb1-ab62-4889-9bd6-4b33a6a80c39', N'website', 0, N'DevTestOne', N'2013-06-24 13:15:01', N'DevTestOne', N'2013-06-24 13:15:01')
INSERT INTO [dbo].[UserInterfaceControlAndValueGoverningControlVisibility] ([Id], [UserInterfaceFormId], [UserInterfaceFormControlGoverningVisibilityId], [ControlValueGoverningVisibiltiy], [Inactive], [CreatedBy], [CreatedDate], [LastModifiedBy], [LastModifiedDate]) VALUES (N'9fe285bf-9abd-4836-a799-b1b86ac2ae95', N'217482b7-3686-4d21-9812-f56b9b4adab2', N'4f04e0b9-79df-49cd-bd67-da0eb927e8ea', N'website', 0, N'User', N'2013-07-09 12:20:31', N'User', N'2013-07-09 12:20:31')
INSERT INTO [dbo].[UserInterfaceControlAndValueGoverningControlVisibility] ([Id], [UserInterfaceFormId], [UserInterfaceFormControlGoverningVisibilityId], [ControlValueGoverningVisibiltiy], [Inactive], [CreatedBy], [CreatedDate], [LastModifiedBy], [LastModifiedDate]) VALUES (N'e0f35e7a-220f-4f54-ae8b-bf2110602f35', N'51e8078d-7a78-452b-af3f-b9ec7b8654a7', N'99dcdbb1-ab62-4889-9bd6-4b33a6a80c39', N'e-mail', 0, N'DevTestOne', N'2013-06-24 13:15:15', N'DevTestOne', N'2013-06-24 13:15:15')
INSERT INTO [dbo].[UserInterfaceControlAndValueGoverningControlVisibility] ([Id], [UserInterfaceFormId], [UserInterfaceFormControlGoverningVisibilityId], [ControlValueGoverningVisibiltiy], [Inactive], [CreatedBy], [CreatedDate], [LastModifiedBy], [LastModifiedDate]) VALUES (N'7feea046-219f-4604-bf0f-d48d2320f47c', N'dfb34014-7c5d-4a5e-9c0c-cb4045e4d44d', N'30f9ee78-f192-4720-b06b-3ae4c583d537', N'e-mail', 0, N'DevTestOne', N'2013-06-12 14:24:07', N'DevTestOne', N'2013-06-12 14:24:07')
INSERT INTO [dbo].[UserInterfaceControlAndValueGoverningControlVisibility] ([Id], [UserInterfaceFormId], [UserInterfaceFormControlGoverningVisibilityId], [ControlValueGoverningVisibiltiy], [Inactive], [CreatedBy], [CreatedDate], [LastModifiedBy], [LastModifiedDate]) VALUES (N'6a395993-c693-4138-921d-e99626fa55bb', N'217482b7-3686-4d21-9812-f56b9b4adab2', N'4f04e0b9-79df-49cd-bd67-da0eb927e8ea', N'e-mail', 0, N'User', N'2013-07-09 12:20:17', N'User', N'2013-07-09 12:20:17')


INSERT INTO [dbo].[UserInterfaceControlVisibility] ([Id], [UserInterfaceFormId], [UserInterfaceFormControlId], [UserInterfaceControlAndValueGoverningControlVisibilityId], [Inactive], [CreatedBy], [CreatedDate], [LastModifiedBy], [LastModifiedDate]) VALUES (N'49e9f898-c057-4273-9183-1cce7a71349e', N'217482b7-3686-4d21-9812-f56b9b4adab2', N'6b44e4d7-5563-4ac1-a445-d7209f8459a3', N'9fe285bf-9abd-4836-a799-b1b86ac2ae95', 0, N'User', N'2013-07-09 12:22:20', N'User', N'2013-07-09 12:22:20')
INSERT INTO [dbo].[UserInterfaceControlVisibility] ([Id], [UserInterfaceFormId], [UserInterfaceFormControlId], [UserInterfaceControlAndValueGoverningControlVisibilityId], [Inactive], [CreatedBy], [CreatedDate], [LastModifiedBy], [LastModifiedDate]) VALUES (N'7bf09cef-f2cc-4d1a-b85c-203fe1df9672', N'51e8078d-7a78-452b-af3f-b9ec7b8654a7', N'6e3dfc9c-fc1a-401c-aade-edd616e7ec74', N'e0f35e7a-220f-4f54-ae8b-bf2110602f35', 0, N'DevTestOne', N'2013-06-24 13:59:40', N'DevTestOne', N'2013-06-24 13:59:40')
INSERT INTO [dbo].[UserInterfaceControlVisibility] ([Id], [UserInterfaceFormId], [UserInterfaceFormControlId], [UserInterfaceControlAndValueGoverningControlVisibilityId], [Inactive], [CreatedBy], [CreatedDate], [LastModifiedBy], [LastModifiedDate]) VALUES (N'9f821ea1-f45d-4d2e-ba68-22a1c53b2f4b', N'51e8078d-7a78-452b-af3f-b9ec7b8654a7', N'fabedf9b-fbb5-4981-800c-9007d1182c62', N'a368572a-3dbe-4146-a424-aaa602a3145a', 0, N'DevTestOne', N'2013-06-24 13:58:22', N'DevTestOne', N'2013-06-24 13:58:22')
INSERT INTO [dbo].[UserInterfaceControlVisibility] ([Id], [UserInterfaceFormId], [UserInterfaceFormControlId], [UserInterfaceControlAndValueGoverningControlVisibilityId], [Inactive], [CreatedBy], [CreatedDate], [LastModifiedBy], [LastModifiedDate]) VALUES (N'e00fc2bd-24fc-4559-ae2d-2dbd36188b8c', N'217482b7-3686-4d21-9812-f56b9b4adab2', N'c91b8c62-6a5a-49e1-a588-7e9fa5ed7fff', N'9fe285bf-9abd-4836-a799-b1b86ac2ae95', 0, N'User', N'2013-07-09 12:23:14', N'User', N'2013-07-09 12:23:14')
INSERT INTO [dbo].[UserInterfaceControlVisibility] ([Id], [UserInterfaceFormId], [UserInterfaceFormControlId], [UserInterfaceControlAndValueGoverningControlVisibilityId], [Inactive], [CreatedBy], [CreatedDate], [LastModifiedBy], [LastModifiedDate]) VALUES (N'65c3d51a-3274-425c-97d0-2e1d17967454', N'dfb34014-7c5d-4a5e-9c0c-cb4045e4d44d', N'279af832-d183-4826-be87-5bc506c87e79', N'7708cb63-c5e8-4ea4-8bad-2aa0a237dc5d', 0, N'DevTestOne', N'2013-06-12 15:33:00', N'DevTestOne', N'2013-06-13 14:04:22')
INSERT INTO [dbo].[UserInterfaceControlVisibility] ([Id], [UserInterfaceFormId], [UserInterfaceFormControlId], [UserInterfaceControlAndValueGoverningControlVisibilityId], [Inactive], [CreatedBy], [CreatedDate], [LastModifiedBy], [LastModifiedDate]) VALUES (N'c5481211-156f-465f-8b43-3ee3514b68ed', N'217482b7-3686-4d21-9812-f56b9b4adab2', N'6b44e4d7-5563-4ac1-a445-d7209f8459a3', N'6a395993-c693-4138-921d-e99626fa55bb', 0, N'User', N'2013-07-09 12:22:51', N'User', N'2013-07-09 12:22:51')
INSERT INTO [dbo].[UserInterfaceControlVisibility] ([Id], [UserInterfaceFormId], [UserInterfaceFormControlId], [UserInterfaceControlAndValueGoverningControlVisibilityId], [Inactive], [CreatedBy], [CreatedDate], [LastModifiedBy], [LastModifiedDate]) VALUES (N'791afc5c-6564-4ec8-b7a1-618d0d1b81d2', N'217482b7-3686-4d21-9812-f56b9b4adab2', N'c91b8c62-6a5a-49e1-a588-7e9fa5ed7fff', N'6a395993-c693-4138-921d-e99626fa55bb', 0, N'User', N'2013-07-09 12:23:51', N'User', N'2013-07-09 12:23:51')
INSERT INTO [dbo].[UserInterfaceControlVisibility] ([Id], [UserInterfaceFormId], [UserInterfaceFormControlId], [UserInterfaceControlAndValueGoverningControlVisibilityId], [Inactive], [CreatedBy], [CreatedDate], [LastModifiedBy], [LastModifiedDate]) VALUES (N'c7a9ac2d-c889-4540-860e-87ac62aaf098', N'dfb34014-7c5d-4a5e-9c0c-cb4045e4d44d', N'279af832-d183-4826-be87-5bc506c87e79', N'7feea046-219f-4604-bf0f-d48d2320f47c', 0, N'DevTestOne', N'2013-06-12 14:24:53', N'DevTestOne', N'2013-06-12 15:32:44')
INSERT INTO [dbo].[UserInterfaceControlVisibility] ([Id], [UserInterfaceFormId], [UserInterfaceFormControlId], [UserInterfaceControlAndValueGoverningControlVisibilityId], [Inactive], [CreatedBy], [CreatedDate], [LastModifiedBy], [LastModifiedDate]) VALUES (N'959faabf-571c-4fec-bc59-8f76c5e822ff', N'dfb34014-7c5d-4a5e-9c0c-cb4045e4d44d', N'3a08a857-9b31-4eeb-b653-6dffa7b274ef', N'7708cb63-c5e8-4ea4-8bad-2aa0a237dc5d', 0, N'DevTestOne', N'2013-06-12 15:33:34', N'DevTestOne', N'2013-06-12 15:33:34')
INSERT INTO [dbo].[UserInterfaceControlVisibility] ([Id], [UserInterfaceFormId], [UserInterfaceFormControlId], [UserInterfaceControlAndValueGoverningControlVisibilityId], [Inactive], [CreatedBy], [CreatedDate], [LastModifiedBy], [LastModifiedDate]) VALUES (N'98109ccc-fe70-4547-9b29-946fb9f7b27a', N'217482b7-3686-4d21-9812-f56b9b4adab2', N'45deb42b-4a92-4349-bf42-f48edc81952d', N'6a395993-c693-4138-921d-e99626fa55bb', 0, N'User', N'2013-07-09 12:22:07', N'User', N'2013-07-09 12:22:07')
INSERT INTO [dbo].[UserInterfaceControlVisibility] ([Id], [UserInterfaceFormId], [UserInterfaceFormControlId], [UserInterfaceControlAndValueGoverningControlVisibilityId], [Inactive], [CreatedBy], [CreatedDate], [LastModifiedBy], [LastModifiedDate]) VALUES (N'59796e4e-83a2-49fa-a73e-a136e16a53f9', N'217482b7-3686-4d21-9812-f56b9b4adab2', N'acc26c0e-b98e-427b-b619-164801c17016', N'6a395993-c693-4138-921d-e99626fa55bb', 0, N'User', N'2013-07-09 12:23:39', N'User', N'2013-07-09 12:23:39')
INSERT INTO [dbo].[UserInterfaceControlVisibility] ([Id], [UserInterfaceFormId], [UserInterfaceFormControlId], [UserInterfaceControlAndValueGoverningControlVisibilityId], [Inactive], [CreatedBy], [CreatedDate], [LastModifiedBy], [LastModifiedDate]) VALUES (N'dfbd2422-8442-4cc5-b9d2-a386071c28b9', N'dfb34014-7c5d-4a5e-9c0c-cb4045e4d44d', N'46377e4c-7072-4d6e-b45a-b271760a0c5e', N'7feea046-219f-4604-bf0f-d48d2320f47c', 0, N'DevTestOne', N'2013-06-12 14:25:43', N'DevTestOne', N'2013-06-12 15:32:17')
INSERT INTO [dbo].[UserInterfaceControlVisibility] ([Id], [UserInterfaceFormId], [UserInterfaceFormControlId], [UserInterfaceControlAndValueGoverningControlVisibilityId], [Inactive], [CreatedBy], [CreatedDate], [LastModifiedBy], [LastModifiedDate]) VALUES (N'f2b0fff1-118e-4ec1-94fd-a91a49d2700e', N'dfb34014-7c5d-4a5e-9c0c-cb4045e4d44d', N'3a08a857-9b31-4eeb-b653-6dffa7b274ef', N'7feea046-219f-4604-bf0f-d48d2320f47c', 0, N'DevTestOne', N'2013-06-12 14:25:03', N'DevTestOne', N'2013-06-12 14:25:03')
INSERT INTO [dbo].[UserInterfaceControlVisibility] ([Id], [UserInterfaceFormId], [UserInterfaceFormControlId], [UserInterfaceControlAndValueGoverningControlVisibilityId], [Inactive], [CreatedBy], [CreatedDate], [LastModifiedBy], [LastModifiedDate]) VALUES (N'd9215c05-ba3b-4460-aada-aff66f45781f', N'51e8078d-7a78-452b-af3f-b9ec7b8654a7', N'fabedf9b-fbb5-4981-800c-9007d1182c62', N'e0f35e7a-220f-4f54-ae8b-bf2110602f35', 0, N'DevTestOne', N'2013-06-24 13:58:49', N'DevTestOne', N'2013-06-24 13:58:49')
INSERT INTO [dbo].[UserInterfaceControlVisibility] ([Id], [UserInterfaceFormId], [UserInterfaceFormControlId], [UserInterfaceControlAndValueGoverningControlVisibilityId], [Inactive], [CreatedBy], [CreatedDate], [LastModifiedBy], [LastModifiedDate]) VALUES (N'4fed3a57-b648-474c-89e1-b505cdc9135b', N'51e8078d-7a78-452b-af3f-b9ec7b8654a7', N'38bf9399-c4dc-4000-a932-39dc245ae076', N'a368572a-3dbe-4146-a424-aaa602a3145a', 0, N'DevTestOne', N'2013-06-24 13:59:06', N'DevTestOne', N'2013-06-24 13:59:06')
INSERT INTO [dbo].[UserInterfaceControlVisibility] ([Id], [UserInterfaceFormId], [UserInterfaceFormControlId], [UserInterfaceControlAndValueGoverningControlVisibilityId], [Inactive], [CreatedBy], [CreatedDate], [LastModifiedBy], [LastModifiedDate]) VALUES (N'c05bca70-40d1-4c10-8699-c54d334d7c15', N'51e8078d-7a78-452b-af3f-b9ec7b8654a7', N'3adcf02e-712d-4b10-8af8-a3edb6d42c1b', N'e0f35e7a-220f-4f54-ae8b-bf2110602f35', 0, N'DevTestOne', N'2013-06-24 14:00:11', N'DevTestOne', N'2013-06-24 14:00:11')
INSERT INTO [dbo].[UserInterfaceControlVisibility] ([Id], [UserInterfaceFormId], [UserInterfaceFormControlId], [UserInterfaceControlAndValueGoverningControlVisibilityId], [Inactive], [CreatedBy], [CreatedDate], [LastModifiedBy], [LastModifiedDate]) VALUES (N'e489ef12-d726-455c-bbf7-e38b7d929cf8', N'dfb34014-7c5d-4a5e-9c0c-cb4045e4d44d', N'8310dc1a-134f-4027-af00-9b6a543d2089', N'7feea046-219f-4604-bf0f-d48d2320f47c', 0, N'DevTestOne', N'2013-06-12 14:25:30', N'DevTestOne', N'2013-06-12 15:32:25')
INSERT INTO [dbo].[UserInterfaceControlVisibility] ([Id], [UserInterfaceFormId], [UserInterfaceFormControlId], [UserInterfaceControlAndValueGoverningControlVisibilityId], [Inactive], [CreatedBy], [CreatedDate], [LastModifiedBy], [LastModifiedDate]) VALUES (N'836b111f-8cfe-4576-a01b-eacf77d5026a', N'51e8078d-7a78-452b-af3f-b9ec7b8654a7', N'38bf9399-c4dc-4000-a932-39dc245ae076', N'e0f35e7a-220f-4f54-ae8b-bf2110602f35', 0, N'DevTestOne', N'2013-06-24 13:59:24', N'DevTestOne', N'2013-06-24 13:59:24')


INSERT pordriver(Id,Name,Inactive,CreatedBy,CreatedDate,LastModifiedBy,LastModifiedDate,EnumValue)       VALUES('F4D76F98-5AEB-4648-BB14-11A5EF62FDE0','Load Profile','0','Database Initializtion',convert(datetime,'Jul 20 2013  1:37PM'),'Database Initialization',convert(datetime,'Jul 20 2013  1:37PM'),'0')
INSERT pordriver(Id,Name,Inactive,CreatedBy,CreatedDate,LastModifiedBy,LastModifiedDate,EnumValue)       VALUES('E2DE68F4-D065-4935-9671-60814636BD14','Tariff Code','0','Database Initializtion',convert(datetime,'Jul 20 2013  1:37PM'),'Database Initialization',convert(datetime,'Jul 20 2013  1:37PM'),'1')
INSERT pordriver(Id,Name,Inactive,CreatedBy,CreatedDate,LastModifiedBy,LastModifiedDate,EnumValue)       VALUES('84BF31AA-E734-46D4-99E9-61D68B41F8E1','Rate Class','0','Database Initializtion',convert(datetime,'Jul 20 2013  1:37PM'),'Database Initialization',convert(datetime,'Jul 20 2013  1:37PM'),'2')


INSERT porrecourse(Id,Name,Inactive,CreatedBy,CreatedDate,LastModifiedBy,LastModifiedDate,EnumValue)       VALUES('26F30CA6-D67D-4851-809E-478A6E8B332F','Non-Recourse','0','Database Initializtion',convert(datetime,'Jul 20 2013  1:37PM'),'Database Initialization',convert(datetime,'Jul 20 2013  1:37PM'),'1')
INSERT porrecourse(Id,Name,Inactive,CreatedBy,CreatedDate,LastModifiedBy,LastModifiedDate,EnumValue)       VALUES('CB353377-9F28-44C2-8322-804B2A2C5940','Recourse','0','Database Initializtion',convert(datetime,'Jul 20 2013  1:37PM'),'Database Initialization',convert(datetime,'Jul 20 2013  1:37PM'),'0')




INSERT AccountInfoField(Id,NameUserFriendly,NameMachineUnfriendly,Description,Inactive,CreatedBy,CreatedDate,LastModifiedBy,LastModifiedDate)       VALUES('DD0A6395-74EC-4A15-9FC4-0CF8F516CEEB','Rate Class','RateClass','Rate Class','0','User',convert(datetime,'Aug  7 2013  5:02PM'),'User',convert(datetime,'Aug  7 2013  5:02PM'))
INSERT AccountInfoField(Id,NameUserFriendly,NameMachineUnfriendly,Description,Inactive,CreatedBy,CreatedDate,LastModifiedBy,LastModifiedDate)       VALUES('8E61350E-68C6-4D1B-A6CA-2549E452EBDC','Load Profile','LoadProfile','Load Profile','0','User',convert(datetime,'Aug  7 2013  5:03PM'),'User',convert(datetime,'Aug  7 2013  5:03PM'))
INSERT AccountInfoField(Id,NameUserFriendly,NameMachineUnfriendly,Description,Inactive,CreatedBy,CreatedDate,LastModifiedBy,LastModifiedDate)       VALUES('237B42DE-2FAD-4946-A257-2A10A9E70CA8','Grid','Grid','Grid','0','User',convert(datetime,'Aug  7 2013  5:03PM'),'User',convert(datetime,'Aug  7 2013  5:03PM'))
INSERT AccountInfoField(Id,NameUserFriendly,NameMachineUnfriendly,Description,Inactive,CreatedBy,CreatedDate,LastModifiedBy,LastModifiedDate)       VALUES('11BDEC4A-3F43-4425-BE7F-35B3B00EFB29','T-Cap','TCap','T-Cap','0','User',convert(datetime,'Aug  7 2013  5:02PM'),'User',convert(datetime,'Aug  7 2013  5:02PM'))
INSERT AccountInfoField(Id,NameUserFriendly,NameMachineUnfriendly,Description,Inactive,CreatedBy,CreatedDate,LastModifiedBy,LastModifiedDate)       VALUES('2D4A3BA6-99AC-494C-ACEF-4B4DB8C3BDC1','Meter Type','MeterType','Meter Type','0','User',convert(datetime,'Aug  7 2013  4:58PM'),'User',convert(datetime,'Aug  7 2013  5:05PM'))
INSERT AccountInfoField(Id,NameUserFriendly,NameMachineUnfriendly,Description,Inactive,CreatedBy,CreatedDate,LastModifiedBy,LastModifiedDate)       VALUES('767681BF-C97D-472E-9FC5-6869798DFE7F','Tariff Code','TariffCode','Tariff Code','0','User',convert(datetime,'Aug  7 2013  5:03PM'),'User',convert(datetime,'Aug  7 2013  5:03PM'))
INSERT AccountInfoField(Id,NameUserFriendly,NameMachineUnfriendly,Description,Inactive,CreatedBy,CreatedDate,LastModifiedBy,LastModifiedDate)       VALUES('9954FDB2-D180-45EB-9997-6B3F367B5C30','Zone','Zone','Zone','0','User',convert(datetime,'Aug  7 2013  5:02PM'),'User',convert(datetime,'Aug  7 2013  5:02PM'))
INSERT AccountInfoField(Id,NameUserFriendly,NameMachineUnfriendly,Description,Inactive,CreatedBy,CreatedDate,LastModifiedBy,LastModifiedDate)       VALUES('4027573B-0B90-4BD5-8DAA-6D11FDAE54DC','Meter Owner','MeterOwner','Meter Owner','0','User',convert(datetime,'Aug  7 2013  5:03PM'),'User',convert(datetime,'Aug  7 2013  5:03PM'))
INSERT AccountInfoField(Id,NameUserFriendly,NameMachineUnfriendly,Description,Inactive,CreatedBy,CreatedDate,LastModifiedBy,LastModifiedDate)       VALUES('2F7D666B-2067-4835-B9CE-7E0B6E7999F8','Lbmp Zone','LbmpZone','Lbmp Zone','0','User',convert(datetime,'Aug  7 2013  5:03PM'),'User',convert(datetime,'Aug  7 2013  5:03PM'))
INSERT AccountInfoField(Id,NameUserFriendly,NameMachineUnfriendly,Description,Inactive,CreatedBy,CreatedDate,LastModifiedBy,LastModifiedDate)       VALUES('DA18B06C-7B4A-473D-9897-93F3E646DE6E','I-Cap','ICap','I-Cap','0','User',convert(datetime,'Aug  7 2013  5:02PM'),'User',convert(datetime,'Aug  7 2013  5:02PM'))
INSERT AccountInfoField(Id,NameUserFriendly,NameMachineUnfriendly,Description,Inactive,CreatedBy,CreatedDate,LastModifiedBy,LastModifiedDate)       VALUES('B1651A16-4055-4030-902A-B13692B4F254','Voltage','Voltage','Voltage','0','User',convert(datetime,'Aug  7 2013  5:01PM'),'User',convert(datetime,'Aug  7 2013  5:01PM'))

-----------------------------------------------------


INSERT NameKeyPattern(Id,UtilityCompanyId,NameKeyPattern,NameKeyPatternDescription,NameKeyAddLeadingZero,NameKeyTruncateLast,NameKeyRequiredForEDIRequest,Inactive,CreatedBy,CreatedDate,LastModifiedBy,LastModifiedDate)       VALUES('CF4552CC-3FC9-49EB-9F0B-100B0965B29A','53164C93-71B7-4104-BBF5-778BBA364DE5','^\d{11}$','11 digit Billing Account','0','0','1','0','Initialization',convert(datetime,'Aug 28 2013  4:42PM'),'Initialization',convert(datetime,'Aug 28 2013  4:42PM'))
INSERT NameKeyPattern(Id,UtilityCompanyId,NameKeyPattern,NameKeyPatternDescription,NameKeyAddLeadingZero,NameKeyTruncateLast,NameKeyRequiredForEDIRequest,Inactive,CreatedBy,CreatedDate,LastModifiedBy,LastModifiedDate)       VALUES('00892637-E373-42FD-89D8-C20F7CA1A468','C656C392-4FDD-4A36-84BA-7205D2890263','^\d{11}$','11 digit Billing Account','0','0','1','0','Initialization',convert(datetime,'Aug 28 2013  4:42PM'),'Initialization',convert(datetime,'Aug 28 2013  4:42PM'))

INSERT MeterNumberPattern(Id,UtilityCompanyId,MeterNumberPattern,MeterNumberPatternDescription,MeterNumberAddLeadingZero,MeterNumberTruncateLast,MeterNumberRequiredForEdiRequest,Inactive,CreatedBy,CreatedDate,LastModifiedBy,LastModifiedDate)       VALUES('5A285B55-9D63-4CFA-9A1E-399CE5D62656','EBBD1446-B9B5-416C-9270-059E21CB1936','^\d{8}$','8 digit Meter Number','0','8','1','0','Initialization',convert(datetime,'Aug 28 2013  4:42PM'),'Initialization',convert(datetime,'Aug 28 2013  4:42PM'))
INSERT MeterNumberPattern(Id,UtilityCompanyId,MeterNumberPattern,MeterNumberPatternDescription,MeterNumberAddLeadingZero,MeterNumberTruncateLast,MeterNumberRequiredForEdiRequest,Inactive,CreatedBy,CreatedDate,LastModifiedBy,LastModifiedDate)       VALUES('4F624504-60D7-41A9-8462-A3A0D2FB3D87','C5F85B90-44FC-4EF8-A976-714D940DA086','^\d{8}$','8 digit Meter Number','0','0','1','0','Initialization',convert(datetime,'Aug 28 2013  4:42PM'),'Initialization',convert(datetime,'Aug 28 2013  4:42PM'))

INSERT NameKeyPattern(Id,UtilityCompanyId,NameKeyPattern,NameKeyPatternDescription,NameKeyAddLeadingZero,NameKeyTruncateLast,NameKeyRequiredForEDIRequest,Inactive,CreatedBy,CreatedDate,LastModifiedBy,LastModifiedDate)       VALUES('E4A786E1-4093-4A84-B584-0F44B4CDC372','AA094633-2216-4501-A98B-53C2E40D67DF','^[a-zA-Z]{4}$','4 letter Name Key','0','0','1','0','Initialization',convert(datetime,'Aug 28 2013  4:42PM'),'Initialization',convert(datetime,'Aug 28 2013  4:42PM'))
INSERT NameKeyPattern(Id,UtilityCompanyId,NameKeyPattern,NameKeyPatternDescription,NameKeyAddLeadingZero,NameKeyTruncateLast,NameKeyRequiredForEDIRequest,Inactive,CreatedBy,CreatedDate,LastModifiedBy,LastModifiedDate)       VALUES('F456A746-7C04-4BEF-983A-24BBC2F30D85','DCECE9E3-A9F8-40C2-9BDA-DF1B3D84B519','^[a-zA-Z]{4}$','4 letter Name Key','0','0','1','0','Initialization',convert(datetime,'Aug 28 2013  4:42PM'),'Initialization',convert(datetime,'Aug 28 2013  4:42PM'))
INSERT NameKeyPattern(Id,UtilityCompanyId,NameKeyPattern,NameKeyPatternDescription,NameKeyAddLeadingZero,NameKeyTruncateLast,NameKeyRequiredForEDIRequest,Inactive,CreatedBy,CreatedDate,LastModifiedBy,LastModifiedDate)       VALUES('A6D03519-BF07-4505-BDD6-503E6F1C1A3B','8646A836-1192-412B-B95A-50FCB99719DD','^[a-zA-Z]{4}$','4 letter Name Key','0','0','1','0','Initialization',convert(datetime,'Aug 28 2013  4:42PM'),'Initialization',convert(datetime,'Aug 28 2013  4:42PM'))
INSERT NameKeyPattern(Id,UtilityCompanyId,NameKeyPattern,NameKeyPatternDescription,NameKeyAddLeadingZero,NameKeyTruncateLast,NameKeyRequiredForEDIRequest,Inactive,CreatedBy,CreatedDate,LastModifiedBy,LastModifiedDate)       VALUES('3E9DF757-1CFC-4778-9B04-5E341C4CE2B3','9239EEAD-74E3-4ADA-8BB4-CF4837E75368','^[a-zA-Z]{4}$','4 letter Name Key','0','0','1','0','Initialization',convert(datetime,'Aug 28 2013  4:42PM'),'Initialization',convert(datetime,'Aug 28 2013  4:42PM'))
INSERT NameKeyPattern(Id,UtilityCompanyId,NameKeyPattern,NameKeyPatternDescription,NameKeyAddLeadingZero,NameKeyTruncateLast,NameKeyRequiredForEDIRequest,Inactive,CreatedBy,CreatedDate,LastModifiedBy,LastModifiedDate)       VALUES('E42DF566-3855-43EB-B257-7E786F610A96','1D6A5BFA-09ED-401C-B3E2-E8BE8940A13E','^[a-zA-Z]{4}$','4 letter Name Key','0','0','1','0','Initialization',convert(datetime,'Aug 28 2013  4:42PM'),'Initialization',convert(datetime,'Aug 28 2013  4:42PM'))
INSERT NameKeyPattern(Id,UtilityCompanyId,NameKeyPattern,NameKeyPatternDescription,NameKeyAddLeadingZero,NameKeyTruncateLast,NameKeyRequiredForEDIRequest,Inactive,CreatedBy,CreatedDate,LastModifiedBy,LastModifiedDate)       VALUES('A0FF4FA7-C2D2-40F4-B954-8DCDDA47ED1A','53164C93-71B7-4104-BBF5-778BBA364DE5','^[a-zA-Z]{4}$','4 letter Name Key','0','0','1','0','Initialization',convert(datetime,'Aug 28 2013  4:42PM'),'Initialization',convert(datetime,'Aug 28 2013  4:42PM'))
INSERT NameKeyPattern(Id,UtilityCompanyId,NameKeyPattern,NameKeyPatternDescription,NameKeyAddLeadingZero,NameKeyTruncateLast,NameKeyRequiredForEDIRequest,Inactive,CreatedBy,CreatedDate,LastModifiedBy,LastModifiedDate)       VALUES('D63B77FD-F1FA-4E52-ABD5-BD2E8B16B0AC','F631473B-491E-4BD6-B73D-0AB204CC8ED8','^[a-zA-Z]{4}$','4 letter Name Key','0','0','1','0','Initialization',convert(datetime,'Aug 28 2013  4:42PM'),'Initialization',convert(datetime,'Aug 28 2013  4:42PM'))
INSERT NameKeyPattern(Id,UtilityCompanyId,NameKeyPattern,NameKeyPatternDescription,NameKeyAddLeadingZero,NameKeyTruncateLast,NameKeyRequiredForEDIRequest,Inactive,CreatedBy,CreatedDate,LastModifiedBy,LastModifiedDate)       VALUES('76E6B709-FE7C-4240-AA7C-EE622498E43A','C656C392-4FDD-4A36-84BA-7205D2890263','^[a-zA-Z]{4}$','4 letter Name Key','0','0','1','0','Initialization',convert(datetime,'Aug 28 2013  4:42PM'),'Initialization',convert(datetime,'Aug 28 2013  4:42PM'))

INSERT ServiceAccountPattern(Id,UtilityCompanyId,ServiceAccountPattern,ServiceAccountPatternDescription,ServiceAccountAddLeadingZero,ServiceAccountTruncateLast,ServiceAccountRequiredForEDIRequest,Inactive,CreatedBy,CreatedDate,LastModifiedBy,LastModifiedDate)       VALUES('6198A3C3-1D2D-41BA-A5A0-05681E5DBC96','51E753B7-4FA1-4DFD-BC94-4AFBEAD684E9','^1017008\d{6}$','13 digit Account Number beginning with 1017008','0','0','1','0','Initialization',convert(datetime,'Aug 28 2013  4:42PM'),'Initialization',convert(datetime,'Aug 28 2013  4:42PM'))
INSERT ServiceAccountPattern(Id,UtilityCompanyId,ServiceAccountPattern,ServiceAccountPatternDescription,ServiceAccountAddLeadingZero,ServiceAccountTruncateLast,ServiceAccountRequiredForEDIRequest,Inactive,CreatedBy,CreatedDate,LastModifiedBy,LastModifiedDate)       VALUES('0231FE4B-241A-4575-8282-069D766DE9BF','B26EB9B3-313C-485B-B42F-F39FD2C7D5DE','^\d{11}$','11 digit Account Number','0','0','1','0','Initialization',convert(datetime,'Aug 28 2013  4:42PM'),'Initialization',convert(datetime,'Aug 28 2013  4:42PM'))
INSERT ServiceAccountPattern(Id,UtilityCompanyId,ServiceAccountPattern,ServiceAccountPatternDescription,ServiceAccountAddLeadingZero,ServiceAccountTruncateLast,ServiceAccountRequiredForEDIRequest,Inactive,CreatedBy,CreatedDate,LastModifiedBy,LastModifiedDate)       VALUES('4033BC39-0118-4F77-A0B4-18268CD6FB23','6A71B8DC-FB67-47FD-9E72-6F0EF87B106E','^[01]\d{9}$','10 digit Account Number beginning with 0 or 1','0','0','1','0','Initialization',convert(datetime,'Aug 28 2013  4:42PM'),'Initialization',convert(datetime,'Aug 28 2013  4:42PM'))
INSERT ServiceAccountPattern(Id,UtilityCompanyId,ServiceAccountPattern,ServiceAccountPatternDescription,ServiceAccountAddLeadingZero,ServiceAccountTruncateLast,ServiceAccountRequiredForEDIRequest,Inactive,CreatedBy,CreatedDate,LastModifiedBy,LastModifiedDate)       VALUES('A5A96B6F-C3E8-4763-BE7C-1A87A3173F74','781B0811-20F9-4DEC-814F-AC6111353D4E','^080\d{17}$','20 digit Account Number beginning with 080','0','0','1','0','Initialization',convert(datetime,'Aug 28 2013  4:42PM'),'Initialization',convert(datetime,'Aug 28 2013  4:42PM'))
INSERT ServiceAccountPattern(Id,UtilityCompanyId,ServiceAccountPattern,ServiceAccountPatternDescription,ServiceAccountAddLeadingZero,ServiceAccountTruncateLast,ServiceAccountRequiredForEDIRequest,Inactive,CreatedBy,CreatedDate,LastModifiedBy,LastModifiedDate)       VALUES('9F3ECF4C-E53E-4863-88D4-1C3B34251560','DCECE9E3-A9F8-40C2-9BDA-DF1B3D84B519','^\d{14}$','14 digit Account Number','0','0','1','0','Initialization',convert(datetime,'Aug 28 2013  4:42PM'),'Initialization',convert(datetime,'Aug 28 2013  4:42PM'))
INSERT ServiceAccountPattern(Id,UtilityCompanyId,ServiceAccountPattern,ServiceAccountPatternDescription,ServiceAccountAddLeadingZero,ServiceAccountTruncateLast,ServiceAccountRequiredForEDIRequest,Inactive,CreatedBy,CreatedDate,LastModifiedBy,LastModifiedDate)       VALUES('618469DC-DCA1-4D36-A16D-1D03064D6519','C5F85B90-44FC-4EF8-A976-714D940DA086','^\d{10}$','10 digit Account Number','0','0','1','0','Initialization',convert(datetime,'Aug 28 2013  4:42PM'),'Initialization',convert(datetime,'Aug 28 2013  4:42PM'))
INSERT ServiceAccountPattern(Id,UtilityCompanyId,ServiceAccountPattern,ServiceAccountPatternDescription,ServiceAccountAddLeadingZero,ServiceAccountTruncateLast,ServiceAccountRequiredForEDIRequest,Inactive,CreatedBy,CreatedDate,LastModifiedBy,LastModifiedDate)       VALUES('43602643-8EEB-424C-B7C9-1FFE5C0CB121','02534F34-D68E-4FE8-B202-5544745C6493','^0\d{15}$','16 digit Account Number beginning with 0','0','16','1','0','Initialization',convert(datetime,'Aug 28 2013  4:42PM'),'Initialization',convert(datetime,'Aug 28 2013  4:42PM'))
INSERT ServiceAccountPattern(Id,UtilityCompanyId,ServiceAccountPattern,ServiceAccountPatternDescription,ServiceAccountAddLeadingZero,ServiceAccountTruncateLast,ServiceAccountRequiredForEDIRequest,Inactive,CreatedBy,CreatedDate,LastModifiedBy,LastModifiedDate)       VALUES('AF465EDA-33C5-4882-B07E-271D061A38BC','8CB866AF-8354-40AA-8168-3A083A491D12','^3\d{9}$','10 digit Account Number beginning with 3','0','0','1','0','Initialization',convert(datetime,'Aug 28 2013  4:42PM'),'Initialization',convert(datetime,'Aug 28 2013  4:42PM'))
INSERT ServiceAccountPattern(Id,UtilityCompanyId,ServiceAccountPattern,ServiceAccountPatternDescription,ServiceAccountAddLeadingZero,ServiceAccountTruncateLast,ServiceAccountRequiredForEDIRequest,Inactive,CreatedBy,CreatedDate,LastModifiedBy,LastModifiedDate)       VALUES('60E7777C-0821-4C9F-8DEA-38E420B10999','F631473B-491E-4BD6-B73D-0AB204CC8ED8','^\d{10}$','10 digit Account Number','0','0','1','0','Initialization',convert(datetime,'Aug 28 2013  4:42PM'),'Initialization',convert(datetime,'Aug 28 2013  4:42PM'))
INSERT ServiceAccountPattern(Id,UtilityCompanyId,ServiceAccountPattern,ServiceAccountPatternDescription,ServiceAccountAddLeadingZero,ServiceAccountTruncateLast,ServiceAccountRequiredForEDIRequest,Inactive,CreatedBy,CreatedDate,LastModifiedBy,LastModifiedDate)       VALUES('58416449-04F1-44B7-B766-3C559AE62314','C656C392-4FDD-4A36-84BA-7205D2890263','^\d{9}$','9 digit Service Account','0','0','1','0','Initialization',convert(datetime,'Aug 28 2013  4:42PM'),'Initialization',convert(datetime,'Aug 28 2013  4:42PM'))
INSERT ServiceAccountPattern(Id,UtilityCompanyId,ServiceAccountPattern,ServiceAccountPatternDescription,ServiceAccountAddLeadingZero,ServiceAccountTruncateLast,ServiceAccountRequiredForEDIRequest,Inactive,CreatedBy,CreatedDate,LastModifiedBy,LastModifiedDate)       VALUES('7225995F-D0F9-498F-A688-3C5D5136715B','2032D6F6-411A-4DB1-BAC7-C57EE80B3678','^080\d{17}$','20 digit Account Number beginning with 080','0','0','1','0','Initialization',convert(datetime,'Aug 28 2013  4:42PM'),'Initialization',convert(datetime,'Aug 28 2013  4:42PM'))
INSERT ServiceAccountPattern(Id,UtilityCompanyId,ServiceAccountPattern,ServiceAccountPatternDescription,ServiceAccountAddLeadingZero,ServiceAccountTruncateLast,ServiceAccountRequiredForEDIRequest,Inactive,CreatedBy,CreatedDate,LastModifiedBy,LastModifiedDate)       VALUES('A9D5A955-36CE-4992-9297-46033E29A25A','5EAD28FF-99D6-4417-9903-1E259BBF773F','^\d{12}$','12 digit Account Number','0','0','1','0','Initialization',convert(datetime,'Aug 28 2013  4:42PM'),'Initialization',convert(datetime,'Aug 28 2013  4:42PM'))
INSERT ServiceAccountPattern(Id,UtilityCompanyId,ServiceAccountPattern,ServiceAccountPatternDescription,ServiceAccountAddLeadingZero,ServiceAccountTruncateLast,ServiceAccountRequiredForEDIRequest,Inactive,CreatedBy,CreatedDate,LastModifiedBy,LastModifiedDate)       VALUES('BED10C08-D757-4444-8F55-470A2597755B','EBBD1446-B9B5-416C-9270-059E21CB1936','^\d{10}$','10 digit Account Number','0','0','1','0','Initialization',convert(datetime,'Aug 28 2013  4:42PM'),'Initialization',convert(datetime,'Aug 28 2013  4:42PM'))
INSERT ServiceAccountPattern(Id,UtilityCompanyId,ServiceAccountPattern,ServiceAccountPatternDescription,ServiceAccountAddLeadingZero,ServiceAccountTruncateLast,ServiceAccountRequiredForEDIRequest,Inactive,CreatedBy,CreatedDate,LastModifiedBy,LastModifiedDate)       VALUES('855FE870-EAB5-4171-9DF5-4BA707666989','0AE1BFCA-26CF-423A-9F7A-BF95E30516C6','^\d{12}$','12 digit Account Number','0','0','1','0','Initialization',convert(datetime,'Aug 28 2013  4:42PM'),'Initialization',convert(datetime,'Aug 28 2013  4:42PM'))
INSERT ServiceAccountPattern(Id,UtilityCompanyId,ServiceAccountPattern,ServiceAccountPatternDescription,ServiceAccountAddLeadingZero,ServiceAccountTruncateLast,ServiceAccountRequiredForEDIRequest,Inactive,CreatedBy,CreatedDate,LastModifiedBy,LastModifiedDate)       VALUES('1A7CF74F-6CBC-4AD8-AD67-55655EBE36A6','BD2A0627-0DD9-4446-BE8A-2A785AD2A6B8','^\d{11}$','11 digit Account Number','0','0','1','0','Initialization',convert(datetime,'Aug 28 2013  4:42PM'),'Initialization',convert(datetime,'Aug 28 2013  4:42PM'))
INSERT ServiceAccountPattern(Id,UtilityCompanyId,ServiceAccountPattern,ServiceAccountPatternDescription,ServiceAccountAddLeadingZero,ServiceAccountTruncateLast,ServiceAccountRequiredForEDIRequest,Inactive,CreatedBy,CreatedDate,LastModifiedBy,LastModifiedDate)       VALUES('18E67632-BF40-4508-9C18-60AE34C14B15','3B73777A-71A4-4D45-A3A3-584814A9E5AA','^PE\d{18}$','20 digit Account Number beginning with PE','0','0','1','0','Initialization',convert(datetime,'Aug 28 2013  4:42PM'),'Initialization',convert(datetime,'Aug 28 2013  4:42PM'))
INSERT ServiceAccountPattern(Id,UtilityCompanyId,ServiceAccountPattern,ServiceAccountPatternDescription,ServiceAccountAddLeadingZero,ServiceAccountTruncateLast,ServiceAccountRequiredForEDIRequest,Inactive,CreatedBy,CreatedDate,LastModifiedBy,LastModifiedDate)       VALUES('510DE32D-A1D7-493C-91FA-6611CDBF9FE5','BDB41D87-19F5-4887-A55D-6208EF246806','^080\d{17}$','20 digit Account Number beginning with 080','0','0','1','0','Initialization',convert(datetime,'Aug 28 2013  4:42PM'),'Initialization',convert(datetime,'Aug 28 2013  4:42PM'))
INSERT ServiceAccountPattern(Id,UtilityCompanyId,ServiceAccountPattern,ServiceAccountPatternDescription,ServiceAccountAddLeadingZero,ServiceAccountTruncateLast,ServiceAccountRequiredForEDIRequest,Inactive,CreatedBy,CreatedDate,LastModifiedBy,LastModifiedDate)       VALUES('7836A16E-9B38-434C-A395-6D8AC080F968','66F9FA9E-9C41-462B-ABFC-EB6D17B38B15','^\d{10}$','10 digit Account Number','0','0','1','0','Initialization',convert(datetime,'Aug 28 2013  4:42PM'),'Initialization',convert(datetime,'Aug 28 2013  4:42PM'))
INSERT ServiceAccountPattern(Id,UtilityCompanyId,ServiceAccountPattern,ServiceAccountPatternDescription,ServiceAccountAddLeadingZero,ServiceAccountTruncateLast,ServiceAccountRequiredForEDIRequest,Inactive,CreatedBy,CreatedDate,LastModifiedBy,LastModifiedDate)       VALUES('FED29CDE-2FE1-4BD1-A115-6FE90FA56FC3','BC2C087E-3D1C-488A-8A85-2E0131FF1BA7','^[2-9]\d{9}$','10 digit Account Number beginning with 2 or greater','0','0','1','0','Initialization',convert(datetime,'Aug 28 2013  4:42PM'),'Initialization',convert(datetime,'Aug 28 2013  4:42PM'))
INSERT ServiceAccountPattern(Id,UtilityCompanyId,ServiceAccountPattern,ServiceAccountPatternDescription,ServiceAccountAddLeadingZero,ServiceAccountTruncateLast,ServiceAccountRequiredForEDIRequest,Inactive,CreatedBy,CreatedDate,LastModifiedBy,LastModifiedDate)       VALUES('FDBDE861-030A-4CFD-9AD4-726AFB77E7DA','EAB6A123-8715-43FA-99A1-E1C5AF1DC99D','^1020404\d{10}$','17 digit Account Number beginning with 1020404','0','0','1','0','Initialization',convert(datetime,'Aug 28 2013  4:42PM'),'Initialization',convert(datetime,'Aug 28 2013  4:42PM'))
INSERT ServiceAccountPattern(Id,UtilityCompanyId,ServiceAccountPattern,ServiceAccountPatternDescription,ServiceAccountAddLeadingZero,ServiceAccountTruncateLast,ServiceAccountRequiredForEDIRequest,Inactive,CreatedBy,CreatedDate,LastModifiedBy,LastModifiedDate)       VALUES('CEFF90F0-9466-47D5-B599-81FEEA1B9358','44D86050-0962-4F7E-8A46-8F3B54A5FA87','^0\d{13}$','14 digit Account Number beginning with 0','14','0','1','0','Initialization',convert(datetime,'Aug 28 2013  4:42PM'),'Initialization',convert(datetime,'Aug 28 2013  4:42PM'))
INSERT ServiceAccountPattern(Id,UtilityCompanyId,ServiceAccountPattern,ServiceAccountPatternDescription,ServiceAccountAddLeadingZero,ServiceAccountTruncateLast,ServiceAccountRequiredForEDIRequest,Inactive,CreatedBy,CreatedDate,LastModifiedBy,LastModifiedDate)       VALUES('662D73C6-0612-44FD-8C62-8268E4BD2FDB','72C4F915-5A69-4BE3-BF96-1965653E4B8A','^\d{10}$','10 digit Account Number','0','0','1','0','Initialization',convert(datetime,'Aug 28 2013  4:42PM'),'Initialization',convert(datetime,'Aug 28 2013  4:42PM'))
INSERT ServiceAccountPattern(Id,UtilityCompanyId,ServiceAccountPattern,ServiceAccountPatternDescription,ServiceAccountAddLeadingZero,ServiceAccountTruncateLast,ServiceAccountRequiredForEDIRequest,Inactive,CreatedBy,CreatedDate,LastModifiedBy,LastModifiedDate)       VALUES('63719129-CFF7-4DCB-A4AF-84C3A08998F1','17354A6D-10D4-416F-8CBB-3FFE07A34A45','^1008901\d{15}$','22 digit Account Number beginning with 1008901','0','0','1','0','Initialization',convert(datetime,'Aug 28 2013  4:42PM'),'Initialization',convert(datetime,'Aug 28 2013  4:42PM'))
INSERT ServiceAccountPattern(Id,UtilityCompanyId,ServiceAccountPattern,ServiceAccountPatternDescription,ServiceAccountAddLeadingZero,ServiceAccountTruncateLast,ServiceAccountRequiredForEDIRequest,Inactive,CreatedBy,CreatedDate,LastModifiedBy,LastModifiedDate)       VALUES('38F9C55E-1C05-40FC-880D-851246382800','717B8795-C296-4AFD-AA4B-89D83C55C284','^080\d{17}$','20 digit Account Number beginning with 080','0','0','1','0','Initialization',convert(datetime,'Aug 28 2013  4:42PM'),'Initialization',convert(datetime,'Aug 28 2013  4:42PM'))
INSERT ServiceAccountPattern(Id,UtilityCompanyId,ServiceAccountPattern,ServiceAccountPatternDescription,ServiceAccountAddLeadingZero,ServiceAccountTruncateLast,ServiceAccountRequiredForEDIRequest,Inactive,CreatedBy,CreatedDate,LastModifiedBy,LastModifiedDate)       VALUES('71D13325-1E16-4037-A745-9322692DA957','F5DC416A-C6B3-4E5E-8139-BFC557BAD5DF','^080\d{17}$','20 digit Account Number beginning with 080','0','0','1','0','Initialization',convert(datetime,'Aug 28 2013  4:42PM'),'Initialization',convert(datetime,'Aug 28 2013  4:42PM'))
INSERT ServiceAccountPattern(Id,UtilityCompanyId,ServiceAccountPattern,ServiceAccountPatternDescription,ServiceAccountAddLeadingZero,ServiceAccountTruncateLast,ServiceAccountRequiredForEDIRequest,Inactive,CreatedBy,CreatedDate,LastModifiedBy,LastModifiedDate)       VALUES('F5754EA6-A50D-4FE8-A4F8-9B1BF3D44925','BDD8C927-EE46-4640-8813-3D6D15DC3FA6','^\d{13}$','13 digit Account Number','0','0','1','0','Initialization',convert(datetime,'Aug 28 2013  4:42PM'),'Initialization',convert(datetime,'Aug 28 2013  4:42PM'))
INSERT ServiceAccountPattern(Id,UtilityCompanyId,ServiceAccountPattern,ServiceAccountPatternDescription,ServiceAccountAddLeadingZero,ServiceAccountTruncateLast,ServiceAccountRequiredForEDIRequest,Inactive,CreatedBy,CreatedDate,LastModifiedBy,LastModifiedDate)       VALUES('FA1687C9-F981-4A63-BA26-A580EC5D4A7F','6D629430-E9FA-411F-8DAC-ADBFCFBED101','^\d{10}$','10 digit Account Number','0','0','1','0','Initialization',convert(datetime,'Aug 28 2013  4:42PM'),'Initialization',convert(datetime,'Aug 28 2013  4:42PM'))
INSERT ServiceAccountPattern(Id,UtilityCompanyId,ServiceAccountPattern,ServiceAccountPatternDescription,ServiceAccountAddLeadingZero,ServiceAccountTruncateLast,ServiceAccountRequiredForEDIRequest,Inactive,CreatedBy,CreatedDate,LastModifiedBy,LastModifiedDate)       VALUES('9481E9F6-9CB1-42E2-A2EA-A65945246752','04A37847-AF38-4EB7-8C43-6C5595B32336','^\d{10}$','10 digit Account Number','0','0','1','0','Initialization',convert(datetime,'Aug 28 2013  4:42PM'),'Initialization',convert(datetime,'Aug 28 2013  4:42PM'))
INSERT ServiceAccountPattern(Id,UtilityCompanyId,ServiceAccountPattern,ServiceAccountPatternDescription,ServiceAccountAddLeadingZero,ServiceAccountTruncateLast,ServiceAccountRequiredForEDIRequest,Inactive,CreatedBy,CreatedDate,LastModifiedBy,LastModifiedDate)       VALUES('F39BC93F-5C25-4FDE-94E0-A840CF104782','9239EEAD-74E3-4ADA-8BB4-CF4837E75368','^\d{13}$','13 digit Account Number','0','0','1','0','Initialization',convert(datetime,'Aug 28 2013  4:42PM'),'Initialization',convert(datetime,'Aug 28 2013  4:42PM'))
INSERT ServiceAccountPattern(Id,UtilityCompanyId,ServiceAccountPattern,ServiceAccountPatternDescription,ServiceAccountAddLeadingZero,ServiceAccountTruncateLast,ServiceAccountRequiredForEDIRequest,Inactive,CreatedBy,CreatedDate,LastModifiedBy,LastModifiedDate)       VALUES('101CC40E-3DE3-4E96-A8B3-AA03C59AB236','E04C8C49-3245-4E4D-A01B-1C95E8BC1DB1','^\d{10}$','10 digit Account Number','0','10','1','0','Initialization',convert(datetime,'Aug 28 2013  4:42PM'),'Initialization',convert(datetime,'Aug 28 2013  4:42PM'))
INSERT ServiceAccountPattern(Id,UtilityCompanyId,ServiceAccountPattern,ServiceAccountPatternDescription,ServiceAccountAddLeadingZero,ServiceAccountTruncateLast,ServiceAccountRequiredForEDIRequest,Inactive,CreatedBy,CreatedDate,LastModifiedBy,LastModifiedDate)       VALUES('9B19C9E5-BD51-45D8-A754-AD4B16A08FE5','5EA7302D-408D-4898-B01B-4C569A86179E','^080\d{17}$','20 digit Account Number beginning with 080','0','0','1','0','Initialization',convert(datetime,'Aug 28 2013  4:42PM'),'Initialization',convert(datetime,'Aug 28 2013  4:42PM'))
INSERT ServiceAccountPattern(Id,UtilityCompanyId,ServiceAccountPattern,ServiceAccountPatternDescription,ServiceAccountAddLeadingZero,ServiceAccountTruncateLast,ServiceAccountRequiredForEDIRequest,Inactive,CreatedBy,CreatedDate,LastModifiedBy,LastModifiedDate)       VALUES('41D3B939-30A0-4695-BD1A-AE960AB2078C','1325DBDF-A286-4DEE-A7F8-FDA23C1500F5','^\d{10}$','10 digit Account Number','0','0','1','0','Initialization',convert(datetime,'Aug 28 2013  4:42PM'),'Initialization',convert(datetime,'Aug 28 2013  4:42PM'))
INSERT ServiceAccountPattern(Id,UtilityCompanyId,ServiceAccountPattern,ServiceAccountPatternDescription,ServiceAccountAddLeadingZero,ServiceAccountTruncateLast,ServiceAccountRequiredForEDIRequest,Inactive,CreatedBy,CreatedDate,LastModifiedBy,LastModifiedDate)       VALUES('BF88343B-EE3F-46D4-B82C-AFA127DEB898','AA094633-2216-4501-A98B-53C2E40D67DF','^\d{10}$','10 digit Account Number','0','0','1','0','Initialization',convert(datetime,'Aug 28 2013  4:42PM'),'Initialization',convert(datetime,'Aug 28 2013  4:42PM'))
INSERT ServiceAccountPattern(Id,UtilityCompanyId,ServiceAccountPattern,ServiceAccountPatternDescription,ServiceAccountAddLeadingZero,ServiceAccountTruncateLast,ServiceAccountRequiredForEDIRequest,Inactive,CreatedBy,CreatedDate,LastModifiedBy,LastModifiedDate)       VALUES('80A37284-9707-4FFA-B931-B9EA7AE199F0','2DF05B0B-C553-45EF-872A-0AEFE9D0104B','^\d{12}$','12 digit Account Number','0','0','1','0','Initialization',convert(datetime,'Aug 28 2013  4:42PM'),'Initialization',convert(datetime,'Aug 28 2013  4:42PM'))
INSERT ServiceAccountPattern(Id,UtilityCompanyId,ServiceAccountPattern,ServiceAccountPatternDescription,ServiceAccountAddLeadingZero,ServiceAccountTruncateLast,ServiceAccountRequiredForEDIRequest,Inactive,CreatedBy,CreatedDate,LastModifiedBy,LastModifiedDate)       VALUES('3BB8D2F7-4857-443A-B5B3-BBF776E31C7A','50D6486E-7614-4D95-8BCE-ECB1AD45F65A','^\d{12}$','12 digit Account Number','0','0','1','0','Initialization',convert(datetime,'Aug 28 2013  4:42PM'),'Initialization',convert(datetime,'Aug 28 2013  4:42PM'))
INSERT ServiceAccountPattern(Id,UtilityCompanyId,ServiceAccountPattern,ServiceAccountPatternDescription,ServiceAccountAddLeadingZero,ServiceAccountTruncateLast,ServiceAccountRequiredForEDIRequest,Inactive,CreatedBy,CreatedDate,LastModifiedBy,LastModifiedDate)       VALUES('34F2E788-E0F0-41C6-BCF3-BDDDA61D9AD5','EE73DF43-1B48-446C-85D0-F61C99FAB9DA','^\d{10}$','10 digit Account Number','0','0','1','0','Initialization',convert(datetime,'Aug 28 2013  4:42PM'),'Initialization',convert(datetime,'Aug 28 2013  4:42PM'))
INSERT ServiceAccountPattern(Id,UtilityCompanyId,ServiceAccountPattern,ServiceAccountPatternDescription,ServiceAccountAddLeadingZero,ServiceAccountTruncateLast,ServiceAccountRequiredForEDIRequest,Inactive,CreatedBy,CreatedDate,LastModifiedBy,LastModifiedDate)       VALUES('EB7A6BCB-63EF-4E3B-8F11-BE12336DF524','9BBE244F-3154-492D-B898-0B10EE5BF928','^N01\d{12}$','15 digit Account Number beginning with N01','0','0','1','0','Initialization',convert(datetime,'Aug 28 2013  4:42PM'),'Initialization',convert(datetime,'Aug 28 2013  4:42PM'))
INSERT ServiceAccountPattern(Id,UtilityCompanyId,ServiceAccountPattern,ServiceAccountPatternDescription,ServiceAccountAddLeadingZero,ServiceAccountTruncateLast,ServiceAccountRequiredForEDIRequest,Inactive,CreatedBy,CreatedDate,LastModifiedBy,LastModifiedDate)       VALUES('715CF1A0-7845-404D-99EF-BFE3154D6FAA','35D4B486-FA2A-4295-BF5C-93ABF56C5BAE','^R01\d{12}$','15 digit Account Number beginning with R01','0','0','1','0','Initialization',convert(datetime,'Aug 28 2013  4:42PM'),'Initialization',convert(datetime,'Aug 28 2013  4:42PM'))
INSERT ServiceAccountPattern(Id,UtilityCompanyId,ServiceAccountPattern,ServiceAccountPatternDescription,ServiceAccountAddLeadingZero,ServiceAccountTruncateLast,ServiceAccountRequiredForEDIRequest,Inactive,CreatedBy,CreatedDate,LastModifiedBy,LastModifiedDate)       VALUES('7AE63984-D5ED-4DA5-A010-BFFD70C470C6','6B3ADBF4-EE09-4F59-9869-D118430D0243','^(1044372|1017699)[0-9]{10}$','17 digit Account Number beginning with 1044372 or 1017699','0','0','1','0','Initialization',convert(datetime,'Aug 28 2013  4:42PM'),'Initialization',convert(datetime,'Aug 28 2013  4:42PM'))
INSERT ServiceAccountPattern(Id,UtilityCompanyId,ServiceAccountPattern,ServiceAccountPatternDescription,ServiceAccountAddLeadingZero,ServiceAccountTruncateLast,ServiceAccountRequiredForEDIRequest,Inactive,CreatedBy,CreatedDate,LastModifiedBy,LastModifiedDate)       VALUES('BFA05AE6-A9AB-4879-AD88-C1567E24ABB5','A3C6B621-C361-4123-BB2C-B79F9484632D','^\d{10}$','10 digit Account Number','0','0','1','0','Initialization',convert(datetime,'Aug 28 2013  4:42PM'),'Initialization',convert(datetime,'Aug 28 2013  4:42PM'))
INSERT ServiceAccountPattern(Id,UtilityCompanyId,ServiceAccountPattern,ServiceAccountPatternDescription,ServiceAccountAddLeadingZero,ServiceAccountTruncateLast,ServiceAccountRequiredForEDIRequest,Inactive,CreatedBy,CreatedDate,LastModifiedBy,LastModifiedDate)       VALUES('6C6EDA72-7D2B-48CD-989A-C463F3A1A2CD','A7172E9A-5F63-4C83-8634-5A880435AE41','^[0-9]{7}07[0-9]{8}$','17 digit Account Number with 8th and 9th digits are 07','0','0','1','0','Initialization',convert(datetime,'Aug 28 2013  4:42PM'),'Initialization',convert(datetime,'Aug 28 2013  4:42PM'))
INSERT ServiceAccountPattern(Id,UtilityCompanyId,ServiceAccountPattern,ServiceAccountPatternDescription,ServiceAccountAddLeadingZero,ServiceAccountTruncateLast,ServiceAccountRequiredForEDIRequest,Inactive,CreatedBy,CreatedDate,LastModifiedBy,LastModifiedDate)       VALUES('F4125D57-C9A2-478C-B6F0-CB377CC60AD8','9C5951A3-6EE6-4D59-B0CA-40F4EED134FF','^\d{10}$','10 digit Account Number','0','0','1','0','Initialization',convert(datetime,'Aug 28 2013  4:42PM'),'Initialization',convert(datetime,'Aug 28 2013  4:42PM'))
INSERT ServiceAccountPattern(Id,UtilityCompanyId,ServiceAccountPattern,ServiceAccountPatternDescription,ServiceAccountAddLeadingZero,ServiceAccountTruncateLast,ServiceAccountRequiredForEDIRequest,Inactive,CreatedBy,CreatedDate,LastModifiedBy,LastModifiedDate)       VALUES('AB65969C-2538-43C7-9270-CB69C64B4380','B8126F35-AE51-4BAD-9DF7-59091AEC3DDE','^1040051\d{10}$','17 digit Account Number beginning with 1040051','0','0','1','0','Initialization',convert(datetime,'Aug 28 2013  4:42PM'),'Initialization',convert(datetime,'Aug 28 2013  4:42PM'))
INSERT ServiceAccountPattern(Id,UtilityCompanyId,ServiceAccountPattern,ServiceAccountPatternDescription,ServiceAccountAddLeadingZero,ServiceAccountTruncateLast,ServiceAccountRequiredForEDIRequest,Inactive,CreatedBy,CreatedDate,LastModifiedBy,LastModifiedDate)       VALUES('14242EC1-A09A-4601-9705-D337E74340C4','188C8A0C-EA68-4177-90FD-426F2DB3A4D1','^1003278\d{10}$','17 digit Account Number beginning with 1003278','0','0','1','0','Initialization',convert(datetime,'Aug 28 2013  4:42PM'),'Initialization',convert(datetime,'Aug 28 2013  4:42PM'))
INSERT ServiceAccountPattern(Id,UtilityCompanyId,ServiceAccountPattern,ServiceAccountPatternDescription,ServiceAccountAddLeadingZero,ServiceAccountTruncateLast,ServiceAccountRequiredForEDIRequest,Inactive,CreatedBy,CreatedDate,LastModifiedBy,LastModifiedDate)       VALUES('F4B16BA8-2ED4-400E-9EAD-D4F46C7CD8A2','E3D84C60-4DE7-4965-80B7-7A691EA22485','^[0-9]{7}10[0-9]{8}$','17 digit Account Number with 8th and 9th digits are 10','0','0','1','0','Initialization',convert(datetime,'Aug 28 2013  4:42PM'),'Initialization',convert(datetime,'Aug 28 2013  4:42PM'))
INSERT ServiceAccountPattern(Id,UtilityCompanyId,ServiceAccountPattern,ServiceAccountPatternDescription,ServiceAccountAddLeadingZero,ServiceAccountTruncateLast,ServiceAccountRequiredForEDIRequest,Inactive,CreatedBy,CreatedDate,LastModifiedBy,LastModifiedDate)       VALUES('ECDCAA3A-7F53-448A-A7DB-D64F9B0AC6E0','53164C93-71B7-4104-BBF5-778BBA364DE5','^\d{9}$','9 digit Service Account','0','0','1','0','Initialization',convert(datetime,'Aug 28 2013  4:42PM'),'Initialization',convert(datetime,'Aug 28 2013  4:42PM'))
INSERT ServiceAccountPattern(Id,UtilityCompanyId,ServiceAccountPattern,ServiceAccountPatternDescription,ServiceAccountAddLeadingZero,ServiceAccountTruncateLast,ServiceAccountRequiredForEDIRequest,Inactive,CreatedBy,CreatedDate,LastModifiedBy,LastModifiedDate)       VALUES('76522006-61DB-4C20-9976-D97A5D4FCC1A','3BA9F09B-972B-4C10-8435-1BAA0989C042','^\d{10}$','10 digit Account Number','0','0','1','0','Initialization',convert(datetime,'Aug 28 2013  4:42PM'),'Initialization',convert(datetime,'Aug 28 2013  4:42PM'))
INSERT ServiceAccountPattern(Id,UtilityCompanyId,ServiceAccountPattern,ServiceAccountPatternDescription,ServiceAccountAddLeadingZero,ServiceAccountTruncateLast,ServiceAccountRequiredForEDIRequest,Inactive,CreatedBy,CreatedDate,LastModifiedBy,LastModifiedDate)       VALUES('1CE75398-7F59-45F4-B7FE-DDF8850CE89E','DA779CCD-6632-402A-A4A6-E9D201E0B859','^080\d{17}$','20 digit Account Number beginning with 080','0','0','1','0','Initialization',convert(datetime,'Aug 28 2013  4:42PM'),'Initialization',convert(datetime,'Aug 28 2013  4:42PM'))
INSERT ServiceAccountPattern(Id,UtilityCompanyId,ServiceAccountPattern,ServiceAccountPatternDescription,ServiceAccountAddLeadingZero,ServiceAccountTruncateLast,ServiceAccountRequiredForEDIRequest,Inactive,CreatedBy,CreatedDate,LastModifiedBy,LastModifiedDate)       VALUES('950AB64B-3C0A-4A5C-83E4-E11FBD84F893','B5752A99-D836-4E3F-AF1D-4F706A76B98A','^\d{15}$','15 digit Account Number','0','0','1','0','Initialization',convert(datetime,'Aug 28 2013  4:42PM'),'Initialization',convert(datetime,'Aug 28 2013  4:42PM'))
INSERT ServiceAccountPattern(Id,UtilityCompanyId,ServiceAccountPattern,ServiceAccountPatternDescription,ServiceAccountAddLeadingZero,ServiceAccountTruncateLast,ServiceAccountRequiredForEDIRequest,Inactive,CreatedBy,CreatedDate,LastModifiedBy,LastModifiedDate)       VALUES('1E7746C0-2AF9-48C9-86F4-EAB8160219EF','8E839BD7-F840-42BD-941B-5F7676F1243C','^080\d{17}$','20 digit Account Number beginning with 080','0','0','1','0','Initialization',convert(datetime,'Aug 28 2013  4:42PM'),'Initialization',convert(datetime,'Aug 28 2013  4:42PM'))
INSERT ServiceAccountPattern(Id,UtilityCompanyId,ServiceAccountPattern,ServiceAccountPatternDescription,ServiceAccountAddLeadingZero,ServiceAccountTruncateLast,ServiceAccountRequiredForEDIRequest,Inactive,CreatedBy,CreatedDate,LastModifiedBy,LastModifiedDate)       VALUES('2CD378B9-CFC5-44DD-9C2A-F090DE8FBFB5','08F30DDC-86C2-46D6-A880-D9571292FA92','^080\d{17}$','20 digit Account Number beginning with 080','0','0','1','0','Initialization',convert(datetime,'Aug 28 2013  4:42PM'),'Initialization',convert(datetime,'Aug 28 2013  4:42PM'))
INSERT ServiceAccountPattern(Id,UtilityCompanyId,ServiceAccountPattern,ServiceAccountPatternDescription,ServiceAccountAddLeadingZero,ServiceAccountTruncateLast,ServiceAccountRequiredForEDIRequest,Inactive,CreatedBy,CreatedDate,LastModifiedBy,LastModifiedDate)       VALUES('2CF61AFF-D572-44B4-A0AA-F0B0946E7C8C','7F11CC94-5A53-44B8-9C6A-81D586822677','^\d{11}$','11 digit Account Number','0','0','1','0','Initialization',convert(datetime,'Aug 28 2013  4:42PM'),'Initialization',convert(datetime,'Aug 28 2013  4:42PM'))
INSERT ServiceAccountPattern(Id,UtilityCompanyId,ServiceAccountPattern,ServiceAccountPatternDescription,ServiceAccountAddLeadingZero,ServiceAccountTruncateLast,ServiceAccountRequiredForEDIRequest,Inactive,CreatedBy,CreatedDate,LastModifiedBy,LastModifiedDate)       VALUES('BCA7BD37-FD63-4C39-8CD6-F4FBE40FF5D3','8646A836-1192-412B-B95A-50FCB99719DD','^\d{10}$','10 digit Account Number','0','0','1','0','Initialization',convert(datetime,'Aug 28 2013  4:42PM'),'Initialization',convert(datetime,'Aug 28 2013  4:42PM'))
INSERT ServiceAccountPattern(Id,UtilityCompanyId,ServiceAccountPattern,ServiceAccountPatternDescription,ServiceAccountAddLeadingZero,ServiceAccountTruncateLast,ServiceAccountRequiredForEDIRequest,Inactive,CreatedBy,CreatedDate,LastModifiedBy,LastModifiedDate)       VALUES('4219731D-CB64-4968-A2EB-F5D782D046B8','1D6A5BFA-09ED-401C-B3E2-E8BE8940A13E','^\d{10}$','10 digit Account Number','0','0','1','0','Initialization',convert(datetime,'Aug 28 2013  4:42PM'),'Initialization',convert(datetime,'Aug 28 2013  4:42PM'))

INSERT ServiceAddressZipPattern(Id,UtilityCompanyId,ServiceAddressZipPattern,ServiceAddressZipPatternDescription,ServiceAddressZipAddLeadingZero,ServiceAddressZipTruncateLast,ServiceAddressZipRequiredForEDIRequest,Inactive,CreatedBy,CreatedDate,LastModifiedBy,LastModifiedDate)       VALUES('E6497453-97F4-40D3-82A0-4F613C115149','E04C8C49-3245-4E4D-A01B-1C95E8BC1DB1','^\d{5}(\-\d{4})?$','5 digit Service Address Zipcode','0','0','1','0','Initialization',convert(datetime,'Aug 28 2013  4:42PM'),'Initialization',convert(datetime,'Aug 28 2013  4:42PM'))
INSERT ServiceAddressZipPattern(Id,UtilityCompanyId,ServiceAddressZipPattern,ServiceAddressZipPatternDescription,ServiceAddressZipAddLeadingZero,ServiceAddressZipTruncateLast,ServiceAddressZipRequiredForEDIRequest,Inactive,CreatedBy,CreatedDate,LastModifiedBy,LastModifiedDate)       VALUES('19EF133C-EAEC-4846-A615-D0000F4F9FC9','66F9FA9E-9C41-462B-ABFC-EB6D17B38B15','^\d{5}(\-\d{4})?$','5 digit Service Address Zipcode','0','0','1','0','Initialization',convert(datetime,'Aug 28 2013  4:42PM'),'Initialization',convert(datetime,'Aug 28 2013  4:42PM'))

INSERT StrataPattern(Id,UtilityCompanyId,StrataPattern,StrataPatternDescription,StrataAddLeadingZero,StrataTruncateLast,StrataRequiredForEdiRequest,Inactive,CreatedBy,CreatedDate,LastModifiedBy,LastModifiedDate)       VALUES('D7DE2543-B703-4FD3-9A49-EA0C0E12F8CD','2DF05B0B-C553-45EF-872A-0AEFE9D0104B','','Value?','0','0','1','0','Initialization',convert(datetime,'Aug 28 2013  4:42PM'),'Initialization',convert(datetime,'Aug 28 2013  4:42PM'))



-----------------------------------------------------
INSERT UtilityTrip(Id,UtilityCompanyId,TripNumber,Inactive,CreatedBy,CreatedDate,LastModifiedBy,LastModifiedDate) VALUES('14C7358C-C932-4EB7-AC51-03000B6AF2B9','0AE1BFCA-26CF-423A-9F7A-BF95E30516C6','0005','0','Database Initializer',convert(datetime,'Jul 25 2013 11:56AM'),'Database Initializer',convert(datetime,'Jul 25 2013 11:56AM'))
INSERT UtilityTrip(Id,UtilityCompanyId,TripNumber,Inactive,CreatedBy,CreatedDate,LastModifiedBy,LastModifiedDate) VALUES('B6885B82-1E88-4264-8B4A-139FE6613181','0AE1BFCA-26CF-423A-9F7A-BF95E30516C6','0007','0','Database Initializer',convert(datetime,'Jul 25 2013 11:56AM'),'Database Initializer',convert(datetime,'Jul 25 2013 11:56AM'))
INSERT UtilityTrip(Id,UtilityCompanyId,TripNumber,Inactive,CreatedBy,CreatedDate,LastModifiedBy,LastModifiedDate) VALUES('A86CAF30-A07F-4BEB-9BFB-2F5AD2ED07D2','0AE1BFCA-26CF-423A-9F7A-BF95E30516C6','0010','0','Database Initializer',convert(datetime,'Jul 25 2013 11:56AM'),'Database Initializer',convert(datetime,'Jul 25 2013 11:56AM'))
INSERT UtilityTrip(Id,UtilityCompanyId,TripNumber,Inactive,CreatedBy,CreatedDate,LastModifiedBy,LastModifiedDate) VALUES('A320B21D-CE2A-4CC6-84DD-59ADC854AADC','0AE1BFCA-26CF-423A-9F7A-BF95E30516C6','0008','0','Database Initializer',convert(datetime,'Jul 25 2013 11:56AM'),'Database Initializer',convert(datetime,'Jul 25 2013 11:56AM'))
INSERT UtilityTrip(Id,UtilityCompanyId,TripNumber,Inactive,CreatedBy,CreatedDate,LastModifiedBy,LastModifiedDate) VALUES('C502D98E-034E-4CB6-B605-6EDF6D067D01','0AE1BFCA-26CF-423A-9F7A-BF95E30516C6','0006','0','Database Initializer',convert(datetime,'Jul 25 2013 11:56AM'),'Database Initializer',convert(datetime,'Jul 25 2013 11:56AM'))
INSERT UtilityTrip(Id,UtilityCompanyId,TripNumber,Inactive,CreatedBy,CreatedDate,LastModifiedBy,LastModifiedDate) VALUES('66EABC3F-84B7-4742-8E55-872DC64BB3C3','0AE1BFCA-26CF-423A-9F7A-BF95E30516C6','0002','0','Database Initializer',convert(datetime,'Jul 25 2013 11:56AM'),'Database Initializer',convert(datetime,'Jul 25 2013 11:56AM'))
INSERT UtilityTrip(Id,UtilityCompanyId,TripNumber,Inactive,CreatedBy,CreatedDate,LastModifiedBy,LastModifiedDate) VALUES('5DE295E9-4283-437E-A456-9FE136B30A96','0AE1BFCA-26CF-423A-9F7A-BF95E30516C6','0003','0','Database Initializer',convert(datetime,'Jul 25 2013 11:56AM'),'Database Initializer',convert(datetime,'Jul 25 2013 11:56AM'))
INSERT UtilityTrip(Id,UtilityCompanyId,TripNumber,Inactive,CreatedBy,CreatedDate,LastModifiedBy,LastModifiedDate) VALUES('60CC3D25-2E59-4FA7-A367-C2D64B3C6FB4','0AE1BFCA-26CF-423A-9F7A-BF95E30516C6','0001','0','Database Initializer',convert(datetime,'Jul 25 2013 11:51AM'),'Database Initializer',convert(datetime,'Jul 25 2013 11:51AM'))
INSERT UtilityTrip(Id,UtilityCompanyId,TripNumber,Inactive,CreatedBy,CreatedDate,LastModifiedBy,LastModifiedDate) VALUES('25EB83E2-786C-46D9-8483-D37867F1E56D','0AE1BFCA-26CF-423A-9F7A-BF95E30516C6','0009','0','Database Initializer',convert(datetime,'Jul 25 2013 11:56AM'),'Database Initializer',convert(datetime,'Jul 25 2013 11:56AM'))
INSERT UtilityTrip(Id,UtilityCompanyId,TripNumber,Inactive,CreatedBy,CreatedDate,LastModifiedBy,LastModifiedDate) VALUES('49F8192A-F7FF-4F8E-84FF-E1949CB7B2D7','0AE1BFCA-26CF-423A-9F7A-BF95E30516C6','0004','0','Database Initializer',convert(datetime,'Jul 25 2013 11:56AM'),'Database Initializer',convert(datetime,'Jul 25 2013 11:56AM'))




UPDATE NameKeyPattern SET NameKeyAddLeadingZero = NULL WHERE NameKeyAddLeadingZero = 0
UPDATE NameKeyPattern SET NameKeyTruncateLast = NULL WHERE NameKeyTruncateLast = 0
UPDATE MeterNumberPattern SET MeterNumberAddLeadingZero = NULL WHERE MeterNumberAddLeadingZero = 0
UPDATE MeterNumberPattern SET MeterNumberTruncateLast = NULL WHERE MeterNumberTruncateLast = 0
UPDATE NameKeyPattern SET NameKeyAddLeadingZero = NULL WHERE NameKeyAddLeadingZero = 0
UPDATE NameKeyPattern SET NameKeyTruncateLast = NULL WHERE NameKeyTruncateLast = 0
UPDATE ServiceAccountPattern SET ServiceAccountAddLeadingZero = NULL WHERE ServiceAccountAddLeadingZero = 0
UPDATE ServiceAccountPattern SET ServiceAccountTruncateLast = NULL WHERE ServiceAccountTruncateLast = 0
UPDATE ServiceAddressZipPattern SET ServiceAddressZipAddLeadingZero = NULL WHERE ServiceAddressZipAddLeadingZero = 0
UPDATE ServiceAddressZipPattern SET ServiceAddressZipTruncateLast = NULL WHERE ServiceAddressZipTruncateLast = 0
UPDATE StrataPattern SET StrataAddLeadingZero = NULL WHERE StrataAddLeadingZero = 0
UPDATE StrataPattern SET StrataTruncateLast = NULL WHERE StrataTruncateLast = 0
























